/*
SQLyog Community v13.2.0 (64 bit)
MySQL - 10.4.27-MariaDB : Database - db_kastore
*********************************************************************
*/

/*!40101 SET NAMES utf8 */;

/*!40101 SET SQL_MODE=''*/;

/*!40014 SET @OLD_UNIQUE_CHECKS=@@UNIQUE_CHECKS, UNIQUE_CHECKS=0 */;
/*!40014 SET @OLD_FOREIGN_KEY_CHECKS=@@FOREIGN_KEY_CHECKS, FOREIGN_KEY_CHECKS=0 */;
/*!40101 SET @OLD_SQL_MODE=@@SQL_MODE, SQL_MODE='NO_AUTO_VALUE_ON_ZERO' */;
/*!40111 SET @OLD_SQL_NOTES=@@SQL_NOTES, SQL_NOTES=0 */;
CREATE or REPLACE DATABASE `db_kastore` /*!40100 DEFAULT CHARACTER SET utf8mb4 COLLATE utf8mb4_general_ci */;

USE `db_kastore`;

/*Table structure for table `category` */

DROP TABLE IF EXISTS `category`;

CREATE TABLE `category` (
  `category_id` int(11) NOT NULL AUTO_INCREMENT,
  `category_name` varchar(50) NOT NULL,
  `created_at` timestamp NOT NULL DEFAULT current_timestamp(),
  `updated_at` timestamp NULL DEFAULT NULL,
  `deleted_at` timestamp NULL DEFAULT NULL,
  PRIMARY KEY (`category_id`)
) ENGINE=InnoDB DEFAULT CHARSET=utf8mb4 COLLATE=utf8mb4_general_ci;

/*Data for the table `category` */

/*Table structure for table `order_product` */

DROP TABLE IF EXISTS `order_product`;

CREATE TABLE `order_product` (
  `order_product_id` int(11) NOT NULL AUTO_INCREMENT,
  `product_id` int(11) NOT NULL,
  `order_id` int(11) NOT NULL,
  `order_product_quantity` int(11) NOT NULL,
  `order_product_review` text DEFAULT NULL,
  `order_product_rating` int(11) DEFAULT NULL,
  `created_at` timestamp NOT NULL DEFAULT current_timestamp(),
  `updated_at` timestamp NULL DEFAULT NULL,
  `deleted_at` timestamp NULL DEFAULT NULL,
  PRIMARY KEY (`order_product_id`),
  KEY `product_id` (`product_id`),
  KEY `order_id` (`order_id`),
  CONSTRAINT `order_product_ibfk_1` FOREIGN KEY (`product_id`) REFERENCES `product` (`product_id`),
  CONSTRAINT `order_product_ibfk_2` FOREIGN KEY (`order_id`) REFERENCES `orders` (`order_id`)
) ENGINE=InnoDB DEFAULT CHARSET=utf8mb4 COLLATE=utf8mb4_general_ci;

/*Data for the table `order_product` */

/*Table structure for table `orders` */

DROP TABLE IF EXISTS `orders`;

CREATE TABLE `orders` (
  `order_id` int(11) NOT NULL AUTO_INCREMENT,
  `user_id` int(11) NOT NULL,
  `order_total_amount` int(11) NOT NULL,
  `order_status` int(2) NOT NULL,
  `order_destination` text NOT NULL,
  `created_at` timestamp NOT NULL DEFAULT current_timestamp(),
  `updated_at` timestamp NULL DEFAULT NULL,
  `deleted_at` timestamp NULL DEFAULT NULL,
  PRIMARY KEY (`order_id`),
  KEY `user_id` (`user_id`),
  CONSTRAINT `orders_ibfk_1` FOREIGN KEY (`user_id`) REFERENCES `users` (`user_id`)
) ENGINE=InnoDB DEFAULT CHARSET=utf8mb4 COLLATE=utf8mb4_general_ci;

/*Data for the table `orders` */

/*Table structure for table `product` */

DROP TABLE IF EXISTS `product`;

CREATE TABLE `product` (
  `product_id` int(11) NOT NULL AUTO_INCREMENT,
  `product_name` varchar(50) NOT NULL,
  `product_img` text NOT NULL,
  `product_detail` text DEFAULT NULL,
  `product_price` int(11) NOT NULL,
  `product_stock` int(11) NOT NULL DEFAULT 0,
  `product_avg_rating` decimal(10,0) DEFAULT NULL,
  `product_jumlah_avg_data` int(11) DEFAULT NULL,
  `category_id` int(11) NOT NULL,
  `store_id` int(11) NOT NULL,
  `created_at` timestamp NOT NULL DEFAULT current_timestamp(),
  `updated_at` timestamp NULL DEFAULT NULL,
  `deleted_at` timestamp NULL DEFAULT NULL,
  PRIMARY KEY (`product_id`),
  KEY `category_id` (`category_id`),
  KEY `store_id` (`store_id`),
  CONSTRAINT `product_ibfk_1` FOREIGN KEY (`category_id`) REFERENCES `category` (`category_id`),
  CONSTRAINT `product_ibfk_2` FOREIGN KEY (`store_id`) REFERENCES `store` (`store_id`)
) ENGINE=InnoDB DEFAULT CHARSET=utf8mb4 COLLATE=utf8mb4_general_ci;

/*Data for the table `product` */

/*Table structure for table `store` */

DROP TABLE IF EXISTS `store`;

CREATE TABLE `store` (
  `store_id` int(11) NOT NULL AUTO_INCREMENT,
  `store_name` varchar(50) NOT NULL,
  `store_email` varchar(50) NOT NULL,
  `store_img` text NULL DEFAULT NULL,
  `store_address` text NOT NULL,
  `user_id` int(11) NOT NULL,
  `store_revenue` int(11) NOT NULL DEFAULT 0,
  `store_status` int(2) NOT NULL DEFAULT 0,
  `created_at` timestamp NOT NULL DEFAULT current_timestamp(),
  `updated_at` timestamp NULL DEFAULT NULL,
  `deleted_at` timestamp NULL DEFAULT NULL,
  PRIMARY KEY (`store_id`),
  KEY `user_id` (`user_id`),
  CONSTRAINT `store_ibfk_1` FOREIGN KEY (`user_id`) REFERENCES `users` (`user_id`)
) ENGINE=InnoDB DEFAULT CHARSET=utf8mb4 COLLATE=utf8mb4_general_ci;

/*Data for the table `store` */

/*Table structure for table `users` */

DROP TABLE IF EXISTS `users`;

CREATE TABLE `users` (
  `user_id` int(11) NOT NULL AUTO_INCREMENT,
  `user_email` varchar(50) NOT NULL,
  `user_password` varchar(255) NOT NULL,
  `user_name` varchar(50) NOT NULL,
  `user_nama` varchar(50) NOT NULL,
  `user_money` int(11) NOT NULL DEFAULT 0,
  `user_role` varchar(50) NOT NULL DEFAULT 'Customer',
  `user_img` text DEFAULT NULL,
  `user_gender` varchar(5) NOT NULL,
  `user_phone` varchar(50) NOT NULL,
  `created_at` timestamp NOT NULL DEFAULT current_timestamp(),
  `updated_at` timestamp NULL DEFAULT NULL,
  `deleted_at` timestamp NULL DEFAULT NULL,
  PRIMARY KEY (`user_id`)
) ENGINE=InnoDB AUTO_INCREMENT=41 DEFAULT CHARSET=utf8mb4 COLLATE=utf8mb4_general_ci;

/*Table structure for table `saldo` */

DROP TABLE IF EXISTS `topup`;

CREATE TABLE `topup` (
  `topup_id` int(11) NOT NULL AUTO_INCREMENT,
  `user_id` int(11) NOT NULL REFERENCES users(user_id),
  `topup_saldo` int(11) NOT NULL check(topup_saldo > 0),
  `topup_status` int(2) NOT NULL DEFAULT 0,
  `created_at` timestamp NOT NULL DEFAULT current_timestamp(),
  `updated_at` timestamp NULL DEFAULT NULL,
  `deleted_at` timestamp NULL DEFAULT NULL,
  PRIMARY KEY (`topup_id`)
) ENGINE=InnoDB DEFAULT CHARSET=utf8mb4 COLLATE=utf8mb4_general_ci;

/*Data for the table `users` */

insert  into `users`(`user_id`,`user_email`,`user_password`,`user_name`,`user_nama`,`user_money`,`user_role`,`user_img`,`user_gender`,`user_phone`,`created_at`,`updated_at`,`deleted_at`) values 
(1,'admin@gmail.com','$2y$12$PTi99ULbUknumwIAiKb47.GblGx9YQrqMVM0GkZ.r1flE9fctrBAi','admin','Admin',0,'Admin',NULL,'P','0223421244','2023-12-28 14:20:29','2023-12-28 14:20:29',NULL),
(2,'john.doe@example.com','$2y$12$FH.zrmGpehpsfLUZdfDq0uZ1w1YAMSn82kX1QPitfcy8vZ/OlrNN6','JohnDoe','John Doe',0,'Customer',NULL,'P','123-456-7890','2024-01-02 16:12:39','2024-01-02 16:12:39',NULL),
(3,'jane.doe@example.com','$2y$12$SI5cFE/PBh6oPek489gTEe1hK1cCftkue8MbOS.iHp9f66UuLwj/y','JaneDoe','Jane Doe',0,'Customer',NULL,'W','987-654-3210','2024-01-02 16:18:41','2024-01-02 16:18:41',NULL),
(4,'bob.johnson@example.com','$2y$12$Kk2QlxSYjiz9ArH1Il4Dz.Pf8uq5M4qVU.qYaJu7EnKM8mMTVAEyS','bobjohnson','Bob Johnson',0,'Customer',NULL,'P','567-890-1234','2024-01-02 16:19:59','2024-01-02 16:19:59',NULL),
(5,'samantha.white@example.com','$2y$12$8mBfUECOWJ5X6HSiKuSbEOSvEMgdEL3xb9DtmH6Ji/pe/vq1NH7Dq','samanthawhite','Samantha White',0,'Customer',NULL,'W','345-678-9012','2024-01-02 16:22:36','2024-01-02 16:22:36',NULL),
(6,'michael.smith@example.com','$2y$12$o6e0t0HnuDbDZcIB0zozAu3chtpkM0EDjmzD7FnfnA/VWwRLSyJZG','michaelsmith','Michael Smith',0,'Customer',NULL,'W','876-543-2109','2024-01-02 16:25:28','2024-01-02 16:25:28',NULL),
(7,'ella.davis@example.com','$2y$12$WOH2S1AeS8R.BL64n.KJl.3SekPBWx872FchdVOLu2D/2Seh6S5cq','elladavis','Ella Davis',0,'Customer',NULL,'W','234-567-8901','2024-01-02 16:26:59','2024-01-02 16:26:59',NULL),
(8,'matthew.brown@example.com','$2y$12$hIdds0ONL2ivDXcskIlmr.QV2i1kb8F8aqLlkmmPqaKx2snuEoojG','matthewbrown','Matthew Brown',0,'Customer',NULL,'P','789-012-3456','2024-01-02 16:28:36','2024-01-02 16:28:36',NULL),
(9,'olivia.miller@example.com','$2y$12$SZMRfMuycESS/Y/92KvkPOUB5D0sPTOeuWLpwVUAXNAQL/Nqs948S','oliviamiller','Olivia Miller',0,'Customer',NULL,'W','210-987-6543','2024-01-02 16:29:58','2024-01-02 16:29:58',NULL),
(10,'david.taylor@example.com','$2y$12$tPzvqVK8DqhmaSpcndslCOPQQjTEtLYYrurIljz6HwIt2mAVm/EnC','davidtaylor','David Taylor',0,'Customer',NULL,'P','432-109-8765','2024-01-02 16:31:09','2024-01-02 16:31:09',NULL),
(11,'sophia.wilson@example.com','$2y$12$0phOpIm9b.JMm.HIJx2ps.syjo3Qc1ycayMyzKHcigOx5apwM6L5a','sophiawilson','Sophia Wilson',0,'Customer',NULL,'W','109-876-5432','2024-01-02 16:32:03','2024-01-02 16:32:03',NULL),
(12,'daniel.martinez@example.com','$2y$12$KYVGOgCd0ufQFym9NALRkO8zSgPiFm3sTYhpLVR4WNM/9UsuktV0G','danielmartinez','Daniel Martinez',0,'Customer',NULL,'P','678-345-0123','2024-01-02 16:32:41','2024-01-02 16:32:41',NULL),
(13,'ava.jackson@example.com','$2y$12$5o09MOCgblez5CHdEcLR4.eLKFzFsCVwqxt67d56a21oZTBn5Q3ju','avajackson','Ava Jackson',0,'Customer',NULL,'W','345-678-9012','2024-01-02 16:33:24','2024-01-02 16:33:24',NULL),
(14,'josephine.garcia@example.com','$2y$12$LQThDTAG26oqO5LgrwMlOO3M/ciyYtaOjqx/WWGgX445Si8X3uOEO','josephinegarcia','Josephine Garcia',0,'Customer',NULL,'W','012-345-6789','2024-01-02 16:34:52','2024-01-02 16:34:52',NULL),
(15,'lucas.rodriguez@example.com','$2y$12$cCUxmj6xxvSaRO1I6tElAOkvH8z/7Rd.rZ7sFYm7EpzAzmPgZCTai','lucasrodriguez','Lucas Rodriguez',0,'Customer',NULL,'P','567-890-1234','2024-01-02 16:35:37','2024-01-02 16:35:37',NULL),
(16,'isabella.lopez@example.com','$2y$12$sWKQnGVDzdOFUReFhiFuG./ozvyCY3BUlWi2aMHNZT0SeulUcka5u','isabellalopez','Isabella Lopez',0,'Customer',NULL,'W','234-567-8901','2024-01-02 16:37:11','2024-01-02 16:37:11',NULL),
(17,'benjamin.smith@example.com','$2y$12$O9sLmkERkqJayejFjfVmQuAO8aWBSeL0pkYEqtuWn0LZqph3pGgPS','benjaminsmith','Benjamin Smith',0,'Customer',NULL,'P','789-012-3456','2024-01-02 16:37:45','2024-01-02 16:37:45',NULL),
(18,'mia.davis@example.com','$2y$12$Ku1990hwLrbFGI6B2bwnWuIb24FmUs3gXDkNNe5JClA6I8GfnWKwe','miadavis','Mia Davis',0,'Customer',NULL,'W','210-987-6543','2024-01-02 16:38:39','2024-01-02 16:38:39',NULL),
(19,'elijah.johnson@example.com','$2y$12$8yC.3zmYRWzTsCuSuT.0zOV4EGqgpX2TFjuAGfaoJtCBe2rBZL7O6','elijahjohnson','Elijah Johnson',0,'Customer',NULL,'W','432-109-8765','2024-01-02 16:40:14','2024-01-02 16:40:14',NULL),
(20,'scarlett.taylor@example.com','$2y$12$6qE6FtjT1ROA2hqvZeaLde6RjlKapJZkXBQk25.Z0UBguowQZI8om','scarletttaylor','Scarlett Taylor',0,'Customer',NULL,'W','109-876-5432','2024-01-02 16:41:11','2024-01-02 16:41:11',NULL),
(21,'lucas.martinez@example.com','$2y$12$NgFSJk.68/2KUjTwvbqJuuLdyDM2422zUMG4X9I02F8JpFDecgCtK','lucasmartinez','Lucas Martinez',0,'Customer',NULL,'P','678-345-0123','2024-01-02 16:42:10','2024-01-02 16:42:10',NULL),
(22,'aria.garcia@example.com','$2y$12$4XLbYmViOHzzjx.aJOMaTuQgbZWv14xcm70W.6T4cLHSYZ9NOueSe','ariagarcia','Aria Garcia',0,'Customer',NULL,'W','345-678-9012','2024-01-02 16:43:42','2024-01-02 16:43:42',NULL),
(23,'henry.wilson@example.com','$2y$12$dOdxaFYjLXsXKzbXc/Yu7uC9TPH2D6d4WtJM8q19VcocnnS1sozQi','henrywilson','Henry Wilson',0,'Customer',NULL,'P','012-345-6789','2024-01-02 16:45:06','2024-01-02 16:45:06',NULL),
(24,'emma.jackson@example.com','$2y$12$LkTScVtyxEUVo2WVdnhFWe66J8Kw4dQpcWSnezbADzKNYdDmQjp2e','emmajackson','Emma Jackson',0,'Customer',NULL,'W','567-890-1234','2024-01-02 16:45:53','2024-01-02 16:45:53',NULL),
(25,'liam.miller@example.com','$2y$12$HJklDw3rg8SFLq.Uo6KRde9T5qzHYvM2ziAD4KS4sDOFqe8POnRWO','liammiller','Liam Miller',0,'Customer',NULL,'P','789-012-3456','2024-01-02 16:46:50','2024-01-02 16:46:50',NULL),
(26,'olivia.smith@example.com','$2y$12$ApHTCvttnIGO.MdpM6Qvkei9nsupgvG/n0NyRTegZ2H46TVI9G1vi','oliviasmith','Olivia Smith',0,'Customer',NULL,'W','210-987-6543','2024-01-02 16:47:30','2024-01-02 16:47:30',NULL),
(27,'noah.taylor@example.com','$2y$12$Xfrw1z.4pjHxh1.vwLeB4ODgQ8SHYN/4pBsOsT60yvjKkST5cZ5TS','noahtaylor','Noah Taylor',0,'Customer',NULL,'W','432-109-8765','2024-01-02 16:48:13','2024-01-02 16:48:13',NULL),
(28,'ava.johnson@example.com','$2y$12$fPu65YhW16F2PeVjU8pphOK.ggRYiJjsOFVryQ8irpdi8ndCC5kBG','avajohnson','Ava Johnson',0,'Customer',NULL,'W','109-876-5432','2024-01-02 16:49:17','2024-01-02 16:49:17',NULL),
(29,'liam.davis@example.com','$2y$12$d1UBgBEJ/eQ1Sbq8MWISsu19athTu4Ujdf7tglME1QrSz9Eb1HIYe','liamdavis','Liam Davis',0,'Customer',NULL,'P','678-345-0123','2024-01-02 16:50:25','2024-01-02 16:50:25',NULL),
(30,'emma.martinez@example.com','$2y$12$kPwQq69i9GP/v7KjdnksmuTf6UY7mmQGisA6XHcs2JhdE6JvU45bK','emmamartinez','Emma Martinez',0,'Customer',NULL,'W','012-345-6789','2024-01-02 16:51:03','2024-01-02 16:51:03',NULL),
(31,'emma.miller@example.com','$2y$12$mxG.2ZCfTAg25P2nYxFn.uzXOcmGYilQJKLWRu5cRJ2Q1vc6UXeqW','emmamiller','Emma Miller',0,'Customer',NULL,'W','234-567-8901','2024-01-02 16:54:04','2024-01-02 16:54:04',NULL),
(32,'oliver.taylor@example.com','$2y$12$kTTGUwnTGvXn7/twYt7bD.uG9Ns9aaQ8F4hn2G9iphZER5T5eO4za','olivertaylor','Oliver Taylor',0,'Customer',NULL,'W','789-012-3456','2024-01-02 16:54:38','2024-01-02 16:54:38',NULL),
(33,'mia.rodriguez@example.com','$2y$12$2vGxyqsRvzB67RSXc6pwner0i351HzEzy8VX7A68z3Y3fR9n8em0q','miarodriguez','Mia Rodriguez',0,'Customer',NULL,'W','210-987-6543','2024-01-02 16:55:53','2024-01-02 16:55:53',NULL),
(34,'daniel.jones@example.com','$2y$12$8KeOnKCOVywNkJwDXxHYB.gQM2ITZGltp1XDBSR/.dcdcUY0xlMKu','danieljones','Daniel Jones',0,'Customer',NULL,'P','432-109-8765','2024-01-02 16:56:41','2024-01-02 16:56:41',NULL),
(35,'olivia.jackson@example.com','$2y$12$0S88JO7lmNYkuMeBrwLIkuQkL3nUdLZNx4sP.nh4TbSWuSB06IiHO','oliviajackson','Olivia Jackson',0,'Customer',NULL,'W','109-876-5432','2024-01-02 16:57:30','2024-01-02 16:57:30',NULL),
(36,'william.wilson@example.com','$2y$12$t28gMI.0XD/GAAWjpPBW6efbo.K4RLbgve7ylWizk0i6aOU6G9I.2','williamwilson','William Wilson',0,'Customer',NULL,'P','876-543-2109','2024-01-02 16:58:11','2024-01-02 16:58:11',NULL),
(37,'mia.hernandez@example.com','$2y$12$zEy.1U9ct39qgjDxQF7SBuYO8rZ3oRh9RdVl1Ck5qFhMwh3iEQW2.','miahernandez','Mia Hernandez',0,'Customer',NULL,'W','345-678-9012','2024-01-02 16:58:39','2024-01-02 16:58:39',NULL),
(38,'jackson.martin@example.com','$2y$12$pHJPT8HerajdIkiswCd0z.Mbe2j5sJAq8of/8MwixNW/30mNYGhbG','jacksonmartin','Jackson Martin',0,'Customer',NULL,'P','678-345-0123','2024-01-02 16:59:31','2024-01-02 16:59:31',NULL),
(39,'ava.hernandez@example.com','$2y$12$.w5WR/4McUQ9Ea2Y77Oql..BlFV8Pk0xWs.Y.HttrNnLEbHrevqia','avahernandez','Ava Hernandez',0,'Customer',NULL,'W','345-678-9012','2024-01-02 17:00:54','2024-01-02 17:00:54',NULL),
(40,'oliver.martinez@example.com','$2y$12$.BdouEN3HoBVSCCvrRx7kerUE7rCT5F3UJ/SXEE.jppqAkKg6vbWS','olivermartinez','Oliver Martinez',0,'Customer',NULL,'W','012-345-6789','2024-01-02 17:01:27','2024-01-02 17:01:27',NULL);

INSERT INTO `store` (`store_name`, `store_email`, `store_img`, `store_address`, `user_id`, `store_revenue`, `created_at`, `updated_at`, `deleted_at`)
VALUES
  ('Chic Trends', 'chictrends@example.com', 'chic_trends_image.jpg', '123 Fashion Street, Styleville', 8, 3500, '2022-02-01 09:00:00', NULL, NULL),
  ('Gastronomic Delights', 'gastronomicdelights@example.com', 'gastronomic_delights_image.jpg', '456 Culinary Court, Foodland', 9, 5000, '2022-02-02 11:30:00', NULL, NULL),
  ('Innovative Electronics', 'innovativeelectronics@example.com', 'innovative_electronics_image.jpg', '789 Tech Terrace, Technoville', 8, 2000, '2022-02-03 14:45:00', NULL, NULL),
  ('Cozy Book Nook', 'cozybooknook@example.com', 'cozy_book_nook_image.jpg', '567 Literary Lane, Booksville', 10, 8000, '2022-02-04 16:20:00', NULL, NULL),
  ('Sports Haven', 'sportshaven@example.com', 'sports_haven_image.jpg', '234 Active Avenue, Fitness City', 11, 4500, '2022-02-05 10:10:00', NULL, NULL),
  ('Home Decor Hub', 'decorhub@example.com', 'decor_hub_image.jpg', '789 Homestead Street, Decor Town', 12, 6000, '2022-02-06 12:40:00', NULL, NULL),
  ('Pet Paradise', 'petparadise@example.com', 'pet_paradise_image.jpg', '123 Pet Haven, Animal City', 13, 2500, '2022-02-07 14:30:00', NULL, NULL),
  ('Tech Galaxy', 'techgalaxy@example.com', 'tech_galaxy_image.jpg', '456 Innovation Lane, Technocity', 14, 3000, '2022-02-08 18:15:00', NULL, NULL),
  ('Outdoor Adventure Gear', 'outdooradventure@example.com', 'outdoor_adventure_image.jpg', '567 Exploration Street, Adventureland', 15, 8000, '2022-02-09 08:45:00', NULL, NULL),
  ('Vintage Treasures', 'vintagetreasures@example.com', 'vintage_treasures_image.jpg', '890 Retro Road, Nostalgia City', 16, 3500, '2022-02-10 11:20:00', NULL, NULL),
  ('Luxury Living', 'luxuryliving@example.com', 'luxury_living_image.jpg', '123 Opulence Avenue, Elegance Town', 17, 5000, '2022-02-11 13:40:00', NULL, NULL),
  ('Healthy Bites', 'healthybites@example.com', 'healthy_bites_image.jpg', '456 Nutritional Street, Wellness City', 18, 2000, '2022-02-12 15:30:00', NULL, NULL),
  ('Artistic Expressions', 'artisticexpressions@example.com', 'artistic_expressions_image.jpg', '789 Creativity Court, Artland', 19, 8000, '2022-02-13 09:10:00', NULL, NULL),
  ('Fashion Forward', 'fashionforward@example.com', 'fashion_forward_image.jpg', '567 Trendy Terrace, Style City', 20, 4500, '2022-02-14 12:35:00', NULL, NULL),
  ('Culinary Crafts', 'culinarycrafts@example.com', 'culinary_crafts_image.jpg', '234 Culinary Court, Foodville', 21, 6000, '2022-02-15 14:20:00', NULL, NULL),
  ('Digital Dreams', 'digitaldreams@example.com', 'digital_dreams_image.jpg', '789 Tech Terrace, Technoville', 22, 2500, '2022-02-16 16:45:00', NULL, NULL),
  ('Cozy Corner Bookstore', 'cozycorner@example.com', 'cozy_corner_bookstore_image.jpg', '567 Literary Lane, Booksville', 23, 3000, '2022-02-17 10:30:00', NULL, NULL),
  ('Spirited Sports', 'spiritedsports@example.com', 'spirited_sports_image.jpg', '123 Active Avenue, Fitness City', 24, 8000, '2022-02-18 12:15:00', NULL, NULL),
  ('Elegant Homeware', 'eleganthomeware@example.com', 'elegant_homeware_image.jpg', '456 Homestead Street, Decor Town', 25, 3500, '2022-02-19 14:30:00', NULL, NULL),
  ('Pet Palace', 'petpalace@example.com', 'pet_palace_image.jpg', '789 Pet Haven, Animal City', 26, 5000, '2022-02-20 16:20:00', NULL, NULL),
  ('Tech Trends', 'techtrends@example.com', 'tech_trends_image.jpg', '234 Innovation Lane, Technocity', 27, 2000, '2022-02-21 11:45:00', NULL, NULL),
  ('Outdoor Oasis', 'outdooroasis@example.com', 'outdoor_oasis_image.jpg', '567 Exploration Street, Adventureland', 28, 4500, '2022-02-22 14:30:00', NULL, NULL),
  ('Vintage Values', 'vintagevalues@example.com', 'vintage_values_image.jpg', '890 Retro Road, Nostalgia City', 29, 6000, '2022-02-23 17:00:00', NULL, NULL),
  ('Luxe Living', 'luxeliving@example.com', 'luxe_living_image.jpg', '123 Opulence Avenue, Elegance Town', 30, 2500, '2022-02-24 09:30:00', NULL, NULL),
  ('Healthy Hub', 'healthyhub@example.com', 'healthy_hub_image.jpg', '456 Nutritional Street, Wellness City', 31, 3000, '2022-02-25 12:15:00', NULL, NULL),
  ('Artistic Inspirations', 'artisticinspirations@example.com', 'artistic_inspirations_image.jpg', '789 Creativity Court, Artland', 32, 8000, '2022-02-26 14:45:00', NULL, NULL),
  ('Chic Couture', 'chiccouture@example.com', 'chic_couture_image.jpg', '567 Trendy Terrace, Style City', 33, 4500, '2022-02-27 17:30:00', NULL, NULL),
  ('Culinary Creations', 'culinarycreations@example.com', 'culinary_creations_image.jpg', '234 Culinary Court, Foodville', 34, 6000, '2022-02-28 09:45:00', NULL, NULL);

INSERT INTO `category` (`category_name`, `created_at`, `updated_at`, `deleted_at`) VALUES
  ('electronic', '2022-01-01 08:00:00', NULL, NULL),
  ('clothes', '2022-01-01 08:00:00', NULL, NULL),
  ('jewelry', '2022-01-01 08:00:00', NULL, NULL),
  ('medicine', '2022-01-01 08:00:00', NULL, NULL),
  ('bag', '2022-01-01 08:00:00', NULL, NULL),
  ('book', '2022-01-01 08:00:00', NULL, NULL),
  ('cook', '2022-01-01 08:00:00', NULL, NULL),
  ('toys', '2022-01-01 08:00:00', NULL, NULL),
  ('sport', '2022-01-01 08:00:00', NULL, NULL),
  ('pediatric', '2022-01-01 08:00:00', NULL, NULL),
  ('headphone', '2022-01-01 08:00:00', NULL, NULL),
  ('phone', '2022-01-01 08:00:00', NULL, NULL),
  ('cook', '2022-01-01 08:00:00', NULL, NULL),
  ('art', '2022-01-01 08:00:00', NULL, NULL),
  ('food', '2022-01-01 08:00:00', NULL, NULL),
  ('keyboard', '2022-01-01 08:00:00', NULL, NULL),
  ('pets', '2022-01-01 08:00:00', NULL, NULL),
  ('garden', '2022-01-01 08:00:00', NULL, NULL);


-- insert buat product data

INSERT INTO product (product_name, product_img, product_detail, product_price, product_stock, category_id, store_id, created_at, updated_at, deleted_at)
VALUES
('Laptop ASUS XYZ', 'data:image/jpeg;base64,/9j/4AAQSkZJRgABAQAAAQABAAD/2wCEAAoHCBUVFRUVERUYEhIYEhkSGBESGRgSGhISGBQZGRoYGBgcIS4lHB4rHxgYJjgmKy80NTU1GiQ7QDs0Py40NTEBDAwMEA8QHxISHjQrJCs0NzQ0NDQ0MTQ0NDQ0MTQ0NDQ0NDQ0NDQ0NDQ0NDQ0NDQ0NDQxNDQ0NDQ0NDQ0NDQ0NP/AABEIAOEA4QMBIgACEQEDEQH/xAAbAAEAAQUBAAAAAAAAAAAAAAAABgECAwQFB//EAEsQAAIBAgMCBwkNBgQHAAAAAAABAgMRBCExElEFBhMiQWFxBzJSgZGSobHRFBY0QlRyc3STlKLD0kNTYmOywSMkM7MVgoOjwvDx/8QAGgEBAAIDAQAAAAAAAAAAAAAAAAQFAQIDBv/EADIRAAIBAgMFBQgCAwAAAAAAAAABAgMRBCExBRJBgaETFXHB4RQyQlJhkbHwUVMiQ/H/2gAMAwEAAhEDEQA/APZgAAAAAAAAAAAAAAAAAAAAAAAAAAAAAAAAAAAAAAAAAAAAAAAAAAAAAAAAAAAAAAAAAAAAAAAAAAAAAAAAAAAAAAAAAAAAAAAAAAAAAAAAAAAAAAAAAAAAAAAAAAAAAAAAAAAAAAAAAAAARHuh8L1sNh4Sw8tic6yg5WUmo7EpZXTWsUedrjpjvlEvNp/pJp3XPg1H6x+VMjtN81fNXqJWGw3b3ztYr8fjnhd20b3vxtpyZzffpjvlEvNp/pHv0x3yiXm0/wBJ0ZMxSkS+7F8/T1K9bbb/ANfX0NGXHLGtZYqae+1P9JZHjhjlri5vq2aa/wDE3HMptju1fP09Tfvl/J19DD78sb8pn5IfpHvxxvymfkh+kzKRdcx3cl8XT1Md9P8Ar6+hr+/DG/KZ/g/SWvjjjflM/wAH6TbTDZr7Avm6Dvp/19fQ0/fhjenEz/B7Cnvxx3ymf4P0mabL08jSWCsve6EmhtN1Hbdtz9DW9+ON+Uz/AA/pKR43456Ymb7Nl/2M86d02+8WT1W1J3tFPxNvxLpL8HiHDvcluWVuw1WCbTaZ0q7QhTkoteP0NOpxp4Q6MVVit2zD+8SyPHDHLJ4uba1vsK3arHafCbvqafCSjUi5wyqxV09NtLNwl1btzObw0o+9odoY2nUyhrwTNL33475VU/D7Cj44Y75VV/D7ClCV0mtGrrsaK1ZWV27JavcSfYF83Qhd6Svbc6stfHDHfKqvlj7D0buZcL18RSre6Juq4VIqMpWulKF2rrVXXpPPlgpyScrUo6qU73kuqGr8diZ9x/8A08V9LD+hkStSjCzi7lhQqyqXUlZ+P5PRgAcCQAAAAAAAAAAAAQDuu/BqP1j8qZG4S5q+avUSTuvfBaP1j8qZFoS5q+avUWmzNZ8ii22rqnz8i6cjDORScjFKRbFHGJWUhcxtlUzVs6WMqZVFsDJFHNs1ZcirRVIzRoNnNysaxi5OyNGaLoo3J4ct5I0ckyfRpSi7l/C1LYo4e3xlOo3vk5W9SRyFnoSSphVVwrUc6lKbk463pytmurJnIwlG67fWaxqKNPwZJnh3Vr+KT/CObO5WjN7RvVMMzFVgoQlN9CyW96JLtZyddPIlx2a4/wCV7WOdwY7U7yyW3US67TkrRWr0t25HdWGVP/FrJOtLnQp5bNFa6aOeevRot7cWODNmKnUzjSvKKd7PETblKSX8O15ZdRgx9Zyk29/oMwi6j3Xov3oR6s1Qjvx96fRfz4vU1cRiHJtt3ZMO46+ZivpKf9MiETJt3G/9PFfSQ/pkc9oKyjzO+ytZ8vM9JABWFuAAAAAAAAAAAAefd1/4NR+sflTInGfNXzV6iWd2D4NQ+sW/7UyFRnkuxeotdmaz5eZS7YV1Dn5GSUjE5FJSMVSokm3p5fIlq+otW7FRGF8jJcvgzYhwRVcNupLkbq6ppKU0v45O6T6kvGcKpjJwk03tJP4yWniSIXtUJtqOdidPZ1aEFKStc7cDNRjKctmnFzl0qNuav4m7JeN3NXA1OUyj32Ss87N6PrWvkZNOC8JGnBRj2tvWUnq31nKvidyN48Rg9n9rUaq3SX3I/VoypLaqwyWbcHtbParI3cNKE4qUGpRfSvV1M6mNgnF33EK4JxPI4mVNd5OWzbe3pbru14rkSnXnNNy4FpU2fSpW7PjforklnSMUqRvqDaTas2k3HWztpctlTOnaHNUUaVCUoS2oOz03pp6prpRqVpOEnKFNuLd3GDTSe9J2a7MzsUMK5tq+zFRcpTeajFdPX0K3Wbv/AAJ5rbTabVoxlLNPptoYdSOjZsoVFZxIhPFSfe0pv5yUEvHJowToyk052yfNhG7UXpdv4z9XpJbS4K23OLmo7E9htpu752lvmvI18RwYoVKcW9u8k77MoZbVunUzS7KMvqaYqeJrR3Xkna/3L8dT5KjGmstmOfznnL0tkTqkq4elfb8ZGJolYVWgVu0J3rmlNE07jfeYv6SH9MiHTRMO42+Zi/pKf9MiPtHSPPyJ2yvi5HpYAKwuAAAAAAAAAAAADzvuyr/LYf60v9qoQdTyXYid92H4LR+sflVDz1TyXYi12ZrPl5lTtRX3OfkZHM6vFzBqpU255xp2kk/3jvsvxWfjscPbOxxbxDU5pSecNpQ8NxefjUW32JkzEpulJIiYNKNZNokPCztFnnHCec5NdhK+GOEk4tLX1MheKqalfh6Dp5stMTjFWShDgdPixjGqsIJq8pOmm907q3ls/Eeg0MZlnk+lPoPN+KGFlUxEGu9ptzk/E1Fdrbv4meg46nJWko7d3ZpNRlfer5Pru0cVKKlJS0vkSq9N2g4a7qv4/wDDBwjwkkmr57iIcHRlWxtGMbu1VVJNdEab2nfqyS8Z2cbwfUm7U6c03q6jgox7WpNvxJnZ4u8E08NGTbdStPvqihJJR1UIK2nX0+RLedWjGDjF5siUKeIlV3qiyV7fax2nExSiXvFQ8K3zk4+tDbi7Wad9LZkZVE9GTXTtqYtppOKdotptb2tLmy8fVd+e8+lKKflSuYWisUZcjHZmSXCNXw3v0j078szUxFac2pTltSj3uitZ30XWbEomtXkoxbd2luzN4SV8jnVp5XZh4Untxc0rKUdpLddXsRqZLKlp07pWcVsSWWTtdPLevUyK1o2bT1RZYWScbHntoQcatzVmiV9xnvcb9LT/AKJEVkSzuOd7jPpKfqmR9oaR5k3ZHx8vM9LABWF0AAAAAAAAAAAAefd2H4LR+s/lVDzRTyXYel92H4LR+s/lVDyvbyXYWezfj5eZXbQjfd5mfbEK7jJSi3GUXdSWqa6UaymVhFykoxTlJuyS6WWMpK2ZAUM8jpV+EHVylBbTdlOm9i7e+L5vjujXwnF2rV5ztTg89qbu7dUVr5Ud7AcGxgo7fPmpOUYPONNytn1u0Vn1ZHYpxbzkVtSr8rsv3T1J1KndvK7/AHUwcE8Hww8Nikm+mU3rOW929R0Y029fQVgjPCRXSqJPTmWkKDl7zEMOukyrDoQkZkzTtZHR0ILga8sOatTC9Kye9ZPy6nRbNecjbfvqjTs7aGg61SHTtrdL+0lmvHc2cNj4yey7wn4MunsejKTzNLEUE9UZUU/ddvwYvKOquup2HM16rupLfFryo5lHHShzZ3lHwtXHt3r0m6ql81mmtd5mDalZ6mz3ZwyzRr4HE8jN7blUhO0ZuWb2Vo12arx7zDw7we4WnHn05Zqa0sauMqq+TX/wv4P4VnCMouPKU3dypu9kumSfxX1lpBSS34c/r6nn8U4OXZT5P+PQ48mS3uN97jPn0/VM4mLp0JyahKVCX7ustlZ7qi5vZdp9R3O48rLGL+bBeiZHxlWNSMbfUkbPoToykpfTPgelgAgloAAAAAAAAAAAAefd2L4LR+tL/aqHkO3kuw9f7sC/ytH60v8AaqHjrh1kzCV4Ut7e4kbEUnUtYvg22ks23ZLeSng3CqjG7zqNZvwVuRGcDieTltKKnK2W10deRuPhmfgrys7VcVCWV8iP7NUWi5kqpVEblOqQqPDc18VeVmWPGKa+JHyshVJqXEsKMYwVicwqGeMyDQ40zX7OHlZeuN0/3cPOkRnFkxVYE7hIzKRAlxzqfuoedI6FHjBipRjKOGhsyzTc7Zb2tUs1nuzMKLMSqxZLJSNeciP0eGcVNzjHDwbhUlTlz9JwttJb7bS8pyHxxm/2UfOkbWZz34kylIxyZEPfdU/dQ86Ra+Ns/wB3DzpGUjO/Ek2Iga1HEbDtK/Jt2la94J6tWOBLjXN/s4eczBPjFJ/s4+VnVSTVpHCWT3oHdx1SmlUgtlzbWwoc7LKzUlkopFKNZxjOKV1KOy/KmmvIRxcNyS2dlWvkrvLqKx4cl+7h6SfSxFJJuTzfkU2JwleTioLKN88r5viduvUlOTlOzk7LJWSS0Xr8pKe43pjPpKfqmedvhqT+JH0nofcZd44t75036KhxxVWnOMVDgSMFQrU5SlV1dj04AEMsQAAAAAAAAAAaHCWK2I7Me+a8i3gEK7p1WNWFOl8WNTlNqOrkouPk5zPN1wfST57qNW+I43v0JXiTnjlUsoN9aXWyC4iXjt2K706d2a8bNrAxOjh0+dGsv+eF72el4b16S6NDD53jWsk7tSg0ndJLvOta9ZilBu18unPVZv2Xy6iig7N65KKy6s3uySeet2ZsjBm9z4e+lZrZvdSg7atX5mllr1lPc+H6FWd8klKDbll/Dp7C10bOKTUkltNxTabs8s4p9CWaaMbg7Oy5ze7S1/JnJ6MWQM3IYbP/AFcl4UO+vp3u7Mr7mw+d+WVlezcE9E81bLVFkoZyy3pZJdV7W9mpaoPm3Xeu+SWfO2s3bPRa3FkDLHD4fT/GV9LuGau1u6ui5kjOmk9mpiIpyS7+K2tmKSeW5KK8m41FCVrW6dbdXZfdp1l0oO7tF2cbWaT6Et1ujd0iyB0IY2yt7oxcYpqLSq5KOmnR05GnLD4Zacs8r6w7219La2v7TFsNbPNeTu7q9+dfd263KbDzyebvllbq09miFkLmb3Nhsrcs7u3fQ323Fro4a1/8bWzV4XX4fQWypvW2sVnbRuKvZJb1u6EI0pWTSzu9VlZZq+/WSzuYshcrOjh07WrXWvOgst/e6WKOjh8rKs21ptQ1zyXNz0LadBu6d9L3s7a5ryX3FypNtOT7dm6d7arLLS5myBbKlhrK3K6Z8+GT83rXp3F8sNQ6OV0024XTtmu8Cwrdk5xWVs1Pt6FoWxw7Waae/Ke7+Jbl6hZAy+4KMrOEqln4Tg7S6VlE9A7mE40JVYZuM9huUtU47SWnRzjz+irPNqz9Dtk9Mt3j6iacTZ3ct6VmYsZPXQcrgnGXWxJ5rvXvW46pqAAAAAAAAADDXrKMXJ9Hpe4j9ao5NybzZrcZ+FpU5uM41FCNtmUKcpxknGLb2llq2rfwkf8AfNDdV+ykbIGTjHG9iLzpnYxfCtOeqq/ZTZzpTp/zfsZmQa3JleTM+1D+d9hMqtjdW+wmAa/JlbNaJP5yUvX4zYShurfYTL0o+DW+wmAainPwYeZErtz3Q8yPsNxRj4Nb7vUK7EfBr/d6nsANLbnuh5kfYV5Se6HmQ9h0Y0qds1ib7vc02VVKnuxP3afsAOZyk90PMh7Cm3LdDzIew6vJUt2K+7T9g5Kn4OK+6z9gBy1FtO6XQ+bFR9S7C3kzouEc7QxFuvD1PYWOC8DEfd6nsANF0xyZubC8DEfd6nsKcmvAxH3ep7ADT5MO/T6kbfJLwMR93qewcivAxH3ep7ADVin/AOpEh4vKzZyFTj4GI+71PYbuFxShpTxD/wChUX9gCX06lmmnZp3TJHgMUqkb/GWUl1nnS4a/lYj7Cp+k6/APCFSVRbNKultRTc6M4RcXKKleUrJWi2/EYYJyADUAAAAAAAAAAAAAAAAAAAAAAAAAAAAAAAAAAAAAAAAAAAAAAAAAAAAAAAAAAAAAAAAAAAAAAAAAAAAAAAAAAAAAAAAAAAAAAAAAAAAAAAAAAAAAAAAAAAAAAAAAAAAAAAAAAAAAAAAAAAAAAAAAAAAAAAAAAAAAAAAAAAAAAAAAAAAAAAAAAAAAAAH/2Q==', 'High-performance laptop with Intel Core i7 processor', 1200, 50, 1, 3, '2024-01-03 12:00:00', NULL, NULL),
('Smart TV Samsung 55"', 'data:image/jpeg;base64,/9j/4AAQSkZJRgABAQAAAQABAAD/2wCEAAoHCBIVEhISERIPERISEREREhEREREPEhEPGBQZGRgVGBgcIS4lHB4rHxYYJjgmKy8xNTU1GiQ7QDs0Py40NT8BDAwMEA8QHhISGjQhISExNDQ0NDQ0MTQ0NDQ0NDU0NDE0NDQ0NDQ0NDQ0NDQ0NDQ0NDQ0NDQ0NDQ0NDQ0NDQ0NP/AABEIAMkA+wMBIgACEQEDEQH/xAAbAAEAAgMBAQAAAAAAAAAAAAAAAwQCBQYBB//EAE8QAAEDAgIEBgkODAcAAAAAAAABAgMEEQUhBhIxQRNRdJPS0yJVYXGRkrGztBQyNVJUZHOBg6HBw9HwBxUWIyUzNEJFYnKiJESCo7LC8f/EABoBAAIDAQEAAAAAAAAAAAAAAAADAQIEBQb/xAAtEQACAgECBAQFBQEAAAAAAAAAAQIRAyExEhNBUQQiMlIzcaGx0RRCYYHBkf/aAAwDAQACEQMRAD8A+zAAAAAAAAAAAAAAAAAAAAAAAAAAAAAAAAAAAAAAAAAAAAAAAAAAAAAAByulmkUtLJGyNsTkexzlV6OVUVFRMrOQlK9ASs6oHz2PTOrX9yl8WXpky6WVntKTxJemDTRfly7HeA4JNK63ZqUfH6ybpE7NIq5d1Enyc3TBqtyeVPsdsDinaQ1yfu0XNzdMgTSivvbUovEm6ZW0HJn2O8BxC6RV/taLm5umet0gr13UXNz9Mq8kV1Lrw2V/t+35O2ByLMVxBd9CnyM6/WEn4yxD21DzM/WEc2Hcq8GRftOqBybsTxBP3qDmZ+sIX4ziCb6HmZ+sI5+PuSvD5XtE7IHDrjuIe8ean6w8dj+IJvoOZn6wj9Ri9xf9Hn9v1X5O5B8/fpRiCe4eZn6wjXS7EOKh5mfrCVnx9/uT+iz+z6r8n0QHzj8sMR9rQ81P1hNFpTiLvcCfJT9YTzYdyj8LmW8ft+T6CD5+/SjEE9wczUdYYJpViPFQczP1gc2HcryMntPoYPn35U4j7w5mfrDz8qsR94czP1pPMj3K8ufY+hA+ft0oxFe1/M1HWGbdI8RX3BzNR1hPGu5Wnsd6DiocaxJd9AnyFQv1pjNjuIt/eoF+QqE+tLLXYpKSi6Z24OBdpLiKb8P5mo6wq1WmVfGjXOShc1ZIWKjY52rZ8jGKqKr12a9/iLcLIWSL0TPpAAKlwfO/wj/r6f4J/wDzQ+iHz78ITb1NP8BIv97S+P1ItD1I52labKJl1RPD3ilSs3m7oYOxv7bL4i+XTU3wiY09Pdb2/wDC82GxYp4EQmdEY55LGqKTNdOzK3H5CKCnuty6+O6/fYStZZBLlSL0rsqOhz7xLFBYstYZI0zymWc+x5G0m1T1jSdGEpiJSKUiFSVpfqEKTmmXJkpjsbK7mEUrS6rStMgvmD4y1NdLHcrvjNi5pE6O46EjRZQbCTRorUUttYiEVQvEMU70FuNlV63U9RDxGkiNHJWZMlIw1TLUM0aTsjGGOexHBGbCCmFJTXW67Daxx7ijnb4UVjFJOTIGR2Q19SmZt6hLIauoS508caSRw8+TzNs1z0Ofxx+TE98UvpEZ0FU6yKcrijr6nKKX0iMc9icKbaZ91ABmN4OB09S9VTp73l84w744TTX9sp+Sz+djL4/WhmJXNGnporqjU3+Q6Gni2ImxMkNdhzNrviQ3kDMu8V8RLodJOiWNh5ITEEy7jElZVO2RsZvM7HuwXFyRYIh6iGKKetUzyWpBNGTqQRkr1yLx2YqW5SqHZqVySRSJxzsjtmqKpGD3EDkJVI3C71HR0IHIRqWFaeKw1Reg1SK5Xel1LT0MNQ0QJk9CFIwiFhYyBy8XhNMTBleplGy6mwhguQUkRtI22JnaRjbUpUZxx2LsMdkuR08d1LkiWQjw2P8AcxfiMlLhRqqx2ZQchenS6qVXIdZeWNnnsnnyUabEGZHM4nHZGL74pPSIzsa+PI5TGG9izlFJ6TGK5mp1cKXBp0PtgAKjQcHpuv8Ajabks/nYjvDhNMv2+l7lJUL8fDQp9JaHqQ3B8RGWHsyTuJ8+828eRrqBuSdw2CCcrtnQaJNYiXaZXPH5IKS0KmF95iqhVI1UrKIxEtzJqkKOM2qZZbktFmEyqHZGEKmFU66hJ1AVVyKziJ6kj3WK6uOdI0xQuYbQqmTG3+0olbGbaixg4ntxGOoaYoEyu2PjM0jTapOjUTNfAesZrKasasiWTQqSMVe4hA2LM2kzLFdsZsxrocvPke5LC2yFqJCuhcp2bCcitiIaF+kZZLntQpMxLIVp3jI6aCpeZ2a+pKL3FupcaySTMbky0uEyYvCuc3MzqEu05THWWa3lFJ6TGdPwmRzukDewbyij9KjEqWqNmHHwpo+wAAcAOF0wT9IUvco6nw8NCd0cTpQy+I03Iqlf9+AlbjvD/FiT0bbNTu5lpqleN2RLrCmrN8iRu09eYIp69ciEirIlInuM5FsV3PKT2GY9yRFJEcVkcTMTepimNaov06byCpfmTxOyvuNfUyZkZtIITBXJkcjiNQpna23bxGCStmrY8bHvXZ5SRufcQxRL5qSNz2bC8Y6FZMyTueEwe5G913FxGT32SzfD9hWco+MX1IirM2rdbrmpdpmb1KsEe82FM02wg2rFeImkqIp4rkDmWQ2k7OxNdINjocx+amYRtNlRM3lOJptIG2QuVaJJX2QoSPJqh5QmksEXWpPDaoq1rzUTPLdTJtNVNIIcrepux4KVEzZTX49nG1ffFJ6TGZrIV8UfeJvKKT0qMtF+ZfMmeJKLf8M+xAA1nMBxmkvsjT8hqfPwHZnFaTutiMHIKnz8BKVsbg+IjNj/AL90naVI1+/dJkdb77yGjoUTo7MycpW187Ej3kVSCiKV5Wc4ymcV3SomSbeMTMbFFptkzXbxcRmj7rn4Cgknh8hNA/NDDJajq6m2V9mGvsqqWJnZIhBf4k8pGfVpdhWJUm+57rImzbxmNxcxvbb4DM4jUiRONckPUkvkmSeXvkDn3++wkiHYsdshqlbM5XEcTLqeuS6l2nislxkmkyHLhietaiWLMK2VCu5CaDaa4PymLLG9S3Ur2JrLXUu1L8rFRpaOxn4dCenZmXHPshXgQwq5dxDYKNsikkvma2qm3E8smRqaqYXknWiN2DBbtkFRKa+RxI95C7MpE1yjRhcrYg7821PfFH6TGWHIVa/9WnKKP0mMZH1L5mfN6JfJ/Y+2AA2HFBw+lfsjT8hqfPwHcHEaVeyNPyCp8/AWhuNwfERgx3zZJ3z1rt5HxISWvluLtHTPWuJHPyIXGEsmQuQEU83EU3PzJJVKcjjOx6iWkf4S5RJmhrKe6m5oEEqOpGSVRJ6hdnkI2pczmS6nidwTkjcisHUTxcu+QudvM5X2KjnLe6iXEdDUzRVVfoLi5NK9My6ktYtksacMai2LzSuSiiWmS5sYskNRh6rc267BXBcxOXcxchlCm88YlzNXWNUI0tRE30D8zxrDNrd4dkMQlvoZI7VaqmukkutyaqlsljWzzWQXKVKzRgxcTMKuY1Mz7mdRNdSs5xkbtnXjjUYmCninqqeKOQmZG4qV6dg3lFH6VGXlaU8Rb2DeUUfpMQyHqXzM+b4cvk/sfaQAbDhg4jSlf0jT8gqfPwHbnD6VeyVPyCp8/AWh6kNwfERE0kR2RAjvv3D1XZDWjpmMkhg9+RE52Zg9+QqSLJEUzyrrXUlkU8iZmZ2OWiLdOw2VIhWp4y5HkVSp2JnK1RM5pC93ESqt0InIVnCykJEb2kCtLbm5EEbbuM84a0PhLQuUkWVyOoZdS7G2zSFW3U0vyxoyRk5SbFNDbMtPXceRpZDy91Kwj1ZEpakqKeKhiimSKMFHqvMXP+YxepXqZLIQ9SYx1K9XNtU90lpWRJFqa35xH62st9mpbyqa2rm295TbabLlTf0y/ViZNOMv4o6GOLjlxLo+L6Iosw+NaF9QqO4RrrIusqNtwiN2d5RpNhkcDo2xo5Ec1VXWcrs0VES3hLsCfoqT+r61ptsfbSK5nqlXI7Vdq21/W3S/rSeWnDotI6/9KSzzjl1tpTyKlrokq07I5uiwyN9FPO5HcIxzkausqNsjWql0+NTZ1WFUEKM4V0rVkbdtuEdeyJfY1beuTaWJGweoKlKZVVln3vr317Nvtz2WKmmKdjTf0yeRgxJRjsnov9M7nLJlq5RTlLTZqkmUMVwJrYuHp5OGiTNfWq5qb3XTJUTfkiocriC9g34ek9JiO40Ub+Zqkf8AqlRL32X1F1/7dX5jisQZaNOPhqT0mMElcWupPFLhyQk74Vv/AEfZgAaTlg4bSxf0jByCp8/CdycPplS1K1cE0FLLUsSlmidwbo2q17pY3JfWVNzVLQdSVjMUlGabKzVuYyPKqLXW9jKzx6fpGD21y/w2s8eDpD+KPc6CzY/cZvcRTPyNLjGPrTPbHVU80D3t1mte+JXK29tbsb2S6Lt4jZPpMQVPY2q8en6QqddC/Pxe49bmXIGFOOkr024dV+PT9ItRtrU/hlZzlP0hHDqEvEYqpSNnHZEPdYoI+t7WVvOU/SPeEre1lbzlP0iXEXzsfuNojsjBXGv4et7V1vOU3SHDVvaus5ym6RVxZCy4/cbJVyPaWO63Nb6ore1dbzlL0yeGuq2/wmvXvSUnTKrG7TaKSzxUWkzcvyMENW/Eqxf4TX85SdMjXFKpFsuF4gi8SJG752qqfORkhJvTYXDJGK3N0r8jBshqnV1YuzC622676ZPmV10MW1dZ2rrecpumWUGX5mOtzco4zVxqErKztXW85TdM9Wsq+1dbzlN0y/CJc1e5snPNXX1G08dU1lssNq0XuyU/SNZUUte9f2CoT/XD9oqcZdEafDzxKVylRDLLdVOigximmijjrGuR0aIiPRHLeyWvduaKqJmlrfRziYbXe4Kjx4vtMvxbXe4Kjx4vtFRx5I7R3N+TP4XIleSmtmrTX0N7iuLRLE2npmq2JLKqqiprWW6IiLntzVVzyMtI6+KZ0axuVyNa5Fu1zc1VLbUNA3Dq/wBw1HjxfaTspK3fQVPjxfaDjld6b19BSyeFi04z2vvre96G5o62NtHNCqqj3q9Wt1XKiorWpttZNimxrK2ilRnCq9VY1UREbK3aiX2J/KhwmJ436me2Opgkhke1Hta97Lq1VVEXJVS10XwG0WnrF2UFRnv14V/7F4xyJU4mbLPBKXEpu7b003/o2+JYuxY+Ap2cHFscq2RXJvS3Eu9VzU5bFG/m0+HpfSYy86jrl/yFR48XSIajC656NZ6inYnCwOVznRqiNZKx67F4mqWUZuSbQvmY1Bxi90z6uAB5hAAAAc3pppVFh9OsjrPmfdsEN85H93iam9fi2qhvp3ORjlY3XcjVVrNZG6zrZN1l2XXecTgWiM8lY/EsVdFLUItqaCNznw0zEzaqXRLuS+Xdu66qqWAOIw3RmonxOifiS681VwlbUQuT9VTR2SNr03azrN1dyJbbc+5kfBpra1k1rW1rJfVve1+IkAAAAAAAAAAAAAAAAAAAAAAAAAAAAAAAAAAA+efhXwaOSOmqFsxWzx08ktrqyGR1kcvHqvVMv5lMdEMdmpZvxViPYuZZtNMq9i9mxqI5drVt2PF61eJPoL2IqWVEVMslRFTLPYaTSrRuKuh1H9hKy7oZkS7o3/Si70+lEUkDfg0Wi7K1kPB13Bukjs1ssb1fwjP5roi6yce/v3N6QAAAAAAAAAAAAAAAAAAAAAAAAAAAAAAAAAAAAAAAAAAAAAAAAAAAAAAAAAAAAAAAAAAAAAAAAAAAAAAAAAAAAAAAAAAAAAAAAAAAAAAAAAAAAAAB/9k=', '4K Ultra HD resolution, Smart features', 800, 30, 1, 3, '2024-01-03 12:05:00', NULL, NULL),
('Smartphone Galaxy S21', 'data:image/jpeg;base64,/9j/4AAQSkZJRgABAQAAAQABAAD/2wCEAAkGBxAPDw8PEBAPDQ4QDQ4OEBAQDhAPDRAOFREWFhURFRUYHiggGBolHxYXIjItJSk3Li8uFx8zODMsOSgtLi0BCgoKDg0OGxAQGy0lICUvLy0rLSstLS0rLSstMC8tKy03LS0tLS0tLS0tLS0rLS8tLS0rLS0tLS0tLS0tLzUtK//AABEIAOEA4QMBIgACEQEDEQH/xAAbAAEAAgMBAQAAAAAAAAAAAAAAAwYBBAUCB//EAEoQAAIBAwAEBQ4MBQIHAAAAAAABAgMEEQUSITEGIkFRcRMVNVRhc3WBk6Gys7TRFCMyQlJTcpGSlLHSBxYXJMF08DNigoOEw+H/xAAZAQEAAwEBAAAAAAAAAAAAAAAAAQIDBAX/xAAhEQEAAgICAwEAAwAAAAAAAAAAARECAxIhMTJBUQQTYf/aAAwDAQACEQMRAD8A+4gAAAAAAAAAAAAAAAAAAAAAAAAAAAAAAAAAAAAAAAAAAAAAAAAAAAAAAAAAAAAAAAAAAAAAAAAAAAAAAAAAAAAAAAAGG8bXsQGQa7vaX04voeV5jDv6S3ziuXbzApsgh+FQ+kvOPhUPpLzgTAg+F0/pLzj4ZT+mvOBODUq6SoQ+VVpw+1NR/Uj69WvbNDysPeCm+DQ69WvbNDy0PeOvVr2zQ8tD3hNN8Gh16te2KHlYe8ytM2vbFDysPeCm8DEJJpNNNPc08pmQgAAAAAAAAAAAAAAAAAAA5GnKXVZUqLlKNNwq1pqMnFycJU4xi2uTNTPTFHXObpD/AI9P/TXPrKBGXhbHypvDbh5T0binGFS6uXHW6lGepGEMZ1pzeWsrdhPdtxy+tC8KI6T0fO5pqdPi1qVSnKes6dWMMuOVvWHFp8zRx/4h8DJXdX4ZSu6Nk1TVOq67lCk9mqnrx3ZjxWnseO6ze4OcH4aN0bUoQqK4c1XuJ1opKFScqajxEm8RUYRS28jfLgpFdNO7WeNbu7ek8VKr52RfCG4qLexbkQ1Kh3w5yrWfO/vNSpWfO/vM1JmrUkSIbx661ZPWi2k09qabxtTLLY6LtJ06cnaWms4Rcv7Wisyxta4vOVio932o/qi26PadGnzqP+WU2Qti5+nuD+vSjGyo6OoVurU5SlXsqU4Ois68UlHfu6UmsxzrLq9ZLPtS0/K0f2ksanI95PFmVJmGl1js+07T8rR/aeKnB2xkmpWVlJPenaUP2nTApCscErb4DpG80fScvgjtre+oU5TlNUeqTqU5045+bmk2vtY5C6lTs+ztbwNZ+13ZbDNMgACAAAAAAAAAAAAAAAAA5WkJ/wBxFc1pXeemrR9x1Tj6Sf8AcL/RVvW0iuXhbHy+K/xodZ3VJV+qOxVOLpOMW6UJtYnJ8jnnGx4ysJNZydz+G9rXo6GqRrxnBSqXU6EKicZq3dOOHqvak5KbWeR53NEn8QOHNezqwtLKMZXLjGc5zTkoqSerShHK1pvHnSSbeyXgrwmqaS0fWrVoRp1oSr0KmrnUlKNOMtdJ7VsmuXkZXuoaRXKVjVTYeJzIoz2Hicj0HOVJkEpGZyIZyJHmT2x+1H9UWLR9ylFRezGUn42VpPjR+3H9UdWlU2dDl+rFW30YxMzCw5zy5J7etyM4trcSXdR0Kc9bpXKY5RTXLW6iMmrQrcjNlPJRz5YzCv208aeqL6WiLOPR/c3r/wAFvKdR7PS8FWfr74uJn9RIAAgAAAAAAAAAAAAAAAAOFp6tCnVU5zhBStK0VrSUctVaOzb0ndK5wsSzHvM/XUSYx5TSYmlD4UcHtH6QnGpWqyhVjHU16FxShKUVlqMtaMk8ZfJnuk2jrS3tbeNnaR+L42Xra8nKWFOrUmlhzaSXiikkls6LijBpGiI+pnZ/j1k8SkJMilI3ZsTkQyZmciKTJGYvjR+3H9UdGD2v7UvSZzKb40Ptx9JG9Wg1mSe+UvE8svhV9pjOce4dW0Wek7FvS1Vt3sp9rXrKS2yk8rGN5bLa51orWfG3Nd0x3Y06+U5QnaJbOfyovkeV0Mh1uQzbZ6p/0+YwVyi8Zc22hnT1R/R0RZy6f7i9X+S3lTs+ztbwNZ+13hbCn1gAAIAAAAAAAAAAAAAAAACs8Kvl/wDj/wDvplmK5wt+b3mXrqJfX7QKy2eWzDZHKR0qsykQzkYlIilIkZlIjlIxKRHKQElJ8eH24ekjnrSE1f1otylTjKpHVT2R46245/PtNuhL4yHfIekjh1Zv4fdpclWo3+Ne8vri5pMY2utCvnGruN/qrSynu2nC0fU2HTTysc6K7MKdunOKp39FXCqPLe3Vwl3eU6co7Yvmz9xV9Ha0Zcri9meWMsZX37thYKVxrJc+skc8x2jdjWVx4cqj2el4Ks/X35cSp2fZ2t4Gsvarwthj9coAAgAAAAAAAAAAAAAAAAK5wu3LvUvXUSxlb4Ybl3mfrqJfX7QKnKRDKQlIhnI6lSciKUjzKZFKYHuUiOUjy5EbkBPbS+Mp98h6SOXUcVe3cn9fOL5dmtvN+0l8bT75D0kRX9hKFzVqx2xqVZOUcZWcvajXT7Iyz4w37Z7O41ybmuk6VLKxjLxsxl4OHSqODSaSUtqw8p91HVtLg1zb6r8w72g6vHjGW6S1ObauNF+bBY6tBb0sNuP6opNOrq4lzSXvRdbKv1WEZdGek4dkV2vsnu3Ls+ztbwNZ+13ZbCp2fZ2t4Gs/a7sthzfWIAAgAAAAAAAAAAAAAAAAKzwzfFXeZ+uolmKvw2fFj3mfrqJfX7QKXORBUkepyNecjqVYlI8OR5cjw5AZcjw5GHI8NgT2b+Npd9h6SOje3ShOSnhQlUmlPY451nxZczOXZP42l32HpI598qkbq8lBqrTlWqdVpKWtF9yS+bLu7/Ea6ZiMu2W66ilgo1Yzg9aOtD/lzmMk8eJoxTjh7JKSxmMlukv8f/Cu6PlKlUepJyt6i49OWycdmNnd3Yf37jrUZKGFF5jybGvvT3M32x103/hxOMTc9OtSq5Ti9nIXDglNypSfzVLVXdfKUOlWzLlb2LGNr5sI+m6ItHRoU6b2SUcz5eO9rXi3eI5d9RjEL5ZW5tn2dreBrP2u7LYVOz7O1vA1n7XdlsOD6qAAIAAAAAAAAAAAAAAAACq8OXxY96n66iWoqfDv5Me81PXUS+v2gUWbIJksiOSOpVG4Pmf3Hl05cz+4m15c/mR5c5c/mRA15Qa3prxHho2JtvftPDiSMWS+Npd9h6SKnwit5dcLqcHKElXnx4ycZLoaeVuLjaR+Mp98h6SK/pmnm8uHsz1epldxsvrx5Sicojyj0VeVnLVrYntx1TCU492WPlLz8u3cdudGalhrn2Z3c+7ft5iLR8UtVtKWNm17dvMXTQFlTuq8oaqdvRo7cZWJyjiMU85Tw29mxahrnnGJjhFXEoeBGiJVK/Vpr4ug8rmlW+avF8rxR5z6EQ2ltCjCNOnHUhHctr6W29rZMcOzPlNrR47cCz7O1vA1n7XdltKlZ9na3gaz9qvC2mH1YAAQAAAAAAAAAAAAAAAAFS4efJj3mp66iW0qfD+LVOE8cVxnTb5FJzpyWelQl5i+v2gUNnlo9A6lXjB5aJBgCJxMapLgxgDFuvjId8h6SOZpqxzWqzT2upNs6tKSUoN7lOLfQmmy62tDRs6VF1pWUqihGUlK4pfLazJSWth7ecnHb/XNonG1E4PcGry5eOpypUdmatWLjBLY8xTw5eLZ3UfVNDaKpWlJUqSeM60py2zqT5ZSf+8Geu9r21a/maP7h13te2rX8zR/cY7Ns5yvHUVDdBpdd7Xtq1/M0f3HippyzinKV3aRillt3VFJLnfGM7GhZ9na3gaz9qvC2lC4HaVhpDS19d2717Sja21jCthqNWpCpVqTlHPzc1cJ8uC+maQABAAAAAAAAAAAAAAAAAR16MakXCcYzhJYlGSTi13UyQAcZ8F7P6pr/uVMfqP5XtPq35SfvOyCeU/o438sWn1b8pP3mf5YtPq35SfvOwByn9HG/li0+rflJ+8fyvafVvyk/edkDlP6OFV4I2MliVFyTWGnUqOLXRnBo/030P2hb/gLWCJ7Taqf030P2hb/AIB/TfQ/aFv+AtYFFqp/TfQ/aFv+AL+G+h9/W+3/AAbC1gUW1rCwo29ONKhThRpR+TCnFRivEjZACAAAAAAAAAAAAAAAAAAAAAAAAAAAAAAAAAAAAAAAAAAAAAAAAAAAAAAAAAAAAAAAAAAAAAAAAAAAAAAAAAAAAAAAAAAAAAAAAAAAAAAAAAAAAAAAAAAAAAAAAAAAAAAAAAAAf//Z', '6.2" AMOLED display, 128GB storage', 900, 100, 1, 3, '2024-01-03 12:10:00', NULL, NULL),
('Wireless Headphones Baseus', 'https://encrypted-tbn0.gstatic.com/images?q=tbn:ANd9GcSv5JLBQGtGWQJ_9Tv1tf91IQL8K8XRjU_r1A&usqp=CAU', 'Noise-canceling, Bluetooth connectivity', 150, 80, 1, 3, '2024-01-03 12:15:00', NULL, NULL),
('Gaming PC AMD Ryzen', 'data:image/jpeg;base64,/9j/4AAQSkZJRgABAQAAAQABAAD/2wCEAAoHCBYVFRgVFhUZFRgZFRkaGhwYGBkYGBgaGhoaGRwcGRocIS4nHB4tHxoaJjomKy8xNTU1GiQ7QDs0Py40NTEBDAwMEA8QHhISHjQrISExNj8xNDQ0NDQ0ND80MTQ0NDQ0ND8xMTQ0MTE0MTQ0MTQ0MUAxNDE0NDQ0MTQ0NDQ0NP/AABEIAOEA4QMBIgACEQEDEQH/xAAcAAEAAgMBAQEAAAAAAAAAAAAABQYDBAcCAQj/xABJEAABAgMDBgcMCQMEAwEAAAABAAIDBBESITEFBkFRcYEiYXKRobHBBxMyMzRCdLKzwtHwIyQlNVJigqLhFHOSZMPS8WN1oxX/xAAZAQEBAAMBAAAAAAAAAAAAAAAAAQMEBQL/xAAjEQEAAgIDAAEEAwAAAAAAAAAAAQIDEQQhMRITIlGRQWGB/9oADAMBAAIRAxEAPwDsyIiAiIgIiICIiAiIgIiICIiAiIgIiICIiAiIgIiICIiAiIgIiICIiAiIgIiICIiAiIgIi057KEKCKxIjWcRN52NF53INxeHOAFTcBrVKyrn41tWwWVP4n4bmNv5yFSMrZwxI98SIXN1VDWDcKCvSpsdKylnjLQqta4xXDRDoQNrjdzVVUyl3SojSAyFDBJNlr3OcXUBcRUUs3DGhpXnpMZ7qkE6Thhiq/On61D/tn/cQdoyP3RWRm2jCOp1l3CadLS04Hep2XzulnYucw/nYettQuDWXMf32C4MfpB8CIPwvHb1YixZLyqyOCKFr2+Gx3hN4xrbx7FUdslsoQongRWP4muBPNWq21xUgLPDyxEheDHezUA91P8NPMj1ETLsaLkkPugTDPObEp+No9yh56Kx5s5+tmIjYUSGITnGy1wdVrnUrZocCdpRZrMLyiIjyIiICIiAiIgIiICIiAiIg+IscWK1jS5xoBiSqxlPPOHDqG300u+APWQgtZKiMoZwwYQvdaP5aU5zcub5Yzwe8Xuo3RU0G4YHcCqjP5fJvFXnWSWj4noU2Oi5Wz3e6rWcAflvcd5FeYBUrKGXaklz6k43lzjtv6yFVZnKbn3WrtTbhv171q99TQlZzLDiCGANrpfQncKUCif6hziLTi6p0moWKIb0h4t5XwVFxmfCdtUBOeVQ/7Z/3FPzJ4TtpVenPKof9s++oiTBWOLAq5rg4se08F7fCA0tP4hTQeqoPtq2JeCXua1oJJNwAqTpuA4l6rG5I9eomUIj9Y/bvuv6RsXlrHHEnHDAfzvUuzJjm+Ewtv0gjr+ez6+WoMFt0wbhvYaRvtDFlF9y5CMFkvQlry9sSoNKA22im2ldhUpIynfIrWaK1dsF57d9FHZ7RLUw/QGPgMHEBDc89L1iy0+M6es9Yh33I8YxJeC9xq58GG4nWXNBPSVvKOze8ll/R4XqNUisDQEREBERAREQEREBERAREQcy7qmWXQYkGHV1h7Hust/E1wBLtzhrpQ61yufy091zSGX6OE7n0bqK/d2mHamZVtQB3mNicb23DjXLoki9pILDcK7sOfixU0Pj5pxvqSdZNSsDnE4mq+vhOFatIpStxurhXVVfCKYim25UfF9adtK6OxbWSmgxACAbjjfoKmnSUM+Y3cKdSCvPFDrBvB1j56l6hmrm8r4LLOQmte8C4ClNOLRr4yvENlHM5faEFum/DdtKr035Sz+2ffVgmjw3coqAmR9ah8g++pCJRgUhkuOYT++NpVrXEVFReLGGxy1YDKqWl8kRIjSGNc40FbIJ0g9i2+NEfON+JW+rRpPZMy8xxpGbcfOaLhtbjTYdy85bhsaLbCC04UwN2Kr8eQiQSA9jmE4WgRXZrXoPe9rWV8J1wOgecegGmoLuTgpOr1np0MfKradW9S2b8KjXPOLzQbB/Ip+lUrOSJaMR34p11NjQWD1VfoURraAXNaBzBc3yi8mWhuOLopcf1Oee1crlV1O1z2fpHN7yWX9Hheo1SKjs3vJZf0eF7NqkVzmgIiICIiAiIgIiICIiAiIg5L3VnfXpUapeKecgdioszDcH2jWhu82loG6lL62aazcrz3U/vCW4paIf3UVWmYdWkUvu7KfOCgi/noPzp3LBMRQ0tuaavPhXUIBNQaGjrqX3371n+eg/N1ONfRxfN/F2c+hBrMYGxGAXA2yRdjZArTEc6kFpHxkPVZfs0buZbqCBnW1ivB/L6rVhh+EzlD3VmmG0ivHH1gFYIR4bB+Zvuqi2TI4b+W7rUJMD61D5H/NTU34b+UetQ0bylnI/5qPNvFjkYdaLpeQYv9PKOiUvc8N5h/wBrnOTXXhdTyfk8RpMNBFSbQOpwKy1mOt+NSLTFpmI3MR0jp3KzIsGJCjgOJYS2goQ6tABqINDXbsVLYG23PaKNHAZsGnb8SpvOGB3p1kVLrIBrTwnaBTcVCvZZAA0Dp0nnXa4taxHXk/pix8q3y+71iyhNWYUR2qE8jbYNOlVDLDaS0IarHqFTmcTyJeIBi4Nb/k9o6lE5ytpCaNTwOgrV5sx8pj+nTjL842/RGbvkst6PC9m1SSis2XVk5Y65eF7NqlVy0EREBERAREQEREBERAREQcj7pw+0pb0V3rn5uUA5vzzfPwVh7pZ+0pe+n1R3TEKrrGHSa6u0igqNHHcaoIiZh2XkfOBp8nVcsR4/m8Vx7eYKRylC4IcNF2417dWvEKJjOcLNNZrcScNFCCL+vGigO8azkv26Ma3863VpEfSMphZfs0C7RzLdQQU341+71WrXheG3lM7FsTfjX7vVasEv4xnKZ1hUWmZ8N/Ld1lQcd31lnI/5qbmvDfy3dagJo/WW8g++o8zCxSkxRTuTc6YsM97Y4i/+TcblUYURWTKjJdnenQhSI6CwRLJtNLi1tSB+K51aatq9VnXbn8ikbj3/ABJsmHR4jojjW8363HTuFehfYsMXk4aeJZJKFYYG6aVO047dW5VHOjLPfHGBDdRoNIjxpP4GnVr5sK136cmKUaOCl8mWfwjMtZWMaKxjfFNitFfxurjs1c+kU2c6m0hjljqKg5qjQ0i4Ne08xVgzv8V+sdq075JtMzP8u7WNREQ73mp5FK+jQvZtUuojNTyKV9Gheo1S6xvYiIgIiICIiAiIgIiICIiDjXdTef8A9SGAafUBXYYsT4Ktuiv/ABHCmOhWLuoD7Vh+gN9tEVfcw0roFOnDqQYI0V7g4Fx4Qoq26diAkEiodeCBS7zeTxK3wZG22tql5GHbVQ2VshuD7QcKOGo4i49iDRydMuc8ki06y46ibgLOoC5ScrHttqRZNSCOMXGnFVaMpk97HWgWG4jF2ncsbXvhxKvNbXHQHVsCDHO+Nfu9Vqwyw+kZy2dYXyYiEvc43EnAGtKXdi+yb+Gzlt6wgs0yeG/lu6yq9Nn6w3kn31YJnw38t3WVXpryhvJPvqI3gVM5HFuJbODcNujpv/SoOlblJR53+nhhjPGPvv8AMr5zvhrqjHenyjTezky4RWBCNHEcNw8xp0A6z0Doq7WgAAYBfIbaaakmpJvLicSSvRVSmKtI1DWyh4B3dYU/nQ6sBp1lh5woGdHAdu6wpfLT7UrDOtsM/tCjK/QmaXkMr6NC9RqmFC5n+QSnosH2bVNKqIiICIiAiIgIiICIiAiIg433TR9qs/8AXt9vEVfcFYO6Oa5WHFIMH/1ee1QTggxWiBcSL9DqDmC08qhxhkh7i4cKgc6opiL+KvMt54u0Y8dfgvL6XUBrprSm5BUBOv8Axv8A8v4WczVwD3h9b9dMMeCL1gnYdh7mUFAbthvCxPc26yNF9br+KhwxQeogFbjVZJHxjOW31gtdbEj4xnLb6wQWWZPDfy3dZVfmvKByT7yno44TuW7rKr8z5QOQfeURvQ3UIOq9YYjy5xcbydKyN7FjLa6KXfNPgg+L4V6XkoME14DtikMoPrJQ+Swc13YtCYHBdyT1LZjOrJM5RH73IP0ZmWayEp6LB9m1Tig8yvu+T9EgezapxVRERAREQEREBERAREQEREHHO6EPtU+gs9o9QrgpzP8AH2q70KH7R6hnNQY3A0GNK7ufWsbzWlBTYTftqVmc27Rjv5l8ih1BawpddTsv0IK7nBLuo14rdwTfoxHbzhQz3k0oLNBfQuNeO8noVunJYPY5hpeKbDiDz0VSmGvuD7qCgq0t1YcG/QgxBbOTvGw+W31gtZbOTj9Kzlt6wgsUbwnco9ar0x5QOSfeVhiG88o9ar0fx/6T7yiN2Gsks3h01/J2rGxZoAJe2yKkuAAuFammm7TpVg1tnmMnnFg3CprydezHao4sVxZIPbjDNNIpa38HA43rSyjksOBey52kHX+a793OBVerUtX2GX6Vo9jSrR28F3JPUvQdWSaNTyP3V7V7jtpaaRRwBqDjh0rWhu+quGqMOpi8Mcxp+lsyfu+T9EgezapxQGYrq5Okz/pYQ5mNHYp9UEREBERAREQEREBERAREQcdz7dXKr+KUhD97z2qLpcb9Iu59PzipTPRtcqxR/poPW5af9IdYQahHzReXspS+uwg0233LadKu4l4dLEINMtCq2X5UMiWq1DxaFCLjcHA7796uDoBUVl+Rtw7WlhtbsHdF+5BUFtZNH0sPlt6wsJhca2cmw/pod/nt60E/ExO09ar0Xx/6T7ysDsTtKrzz9Y3HrKiN5iyNWJmHP8FlarHqwn8hZfiM4Lnl1DeHkvr+o3jXirWYLZiGYjBRwuOsHU7i4/8Apc2jNIo8bD2KyZq5WcyIGg8F1GuGg18E7QaX7V3KY/q4vO4bmLNv7bdxKOy3KtLC5wILai66hF1K01lVpjvq726ojemnwVszxmOE5outPDabKWumip4PAiD80M9LlyM1PhbTXzREWmIfpXML7tlPRofqhWFV7MH7tlPR4fqhWFYmMREQEREBERAREQEREBERBx3PM/asb0eB76wFxArXqXvO59cqzQ/DClx+wu7VgogzWzxFeHmt68b16OA2IML3fO8jsWF4rcRcbjsNPiszh87ysZHzzIKHNwix7mHzXU2jEHeCF6yWfp2D87etS2cstRzYmill20Xt7eYKJyMPpmH87etBPUuVcd5Qdju1WUhVp3lDtjusqI32C4bFlYL15YLhsWWCL16j1LeJCWlbbS04EUWrIse2KGYODwBtrcdmlTmTQKLK6UHfxEbjYIprdSy2nHwuhdjicutOp/DRjkzXJqUNPS740xp+jgvjvNNVTfovNnnVajtp3wcbOh38q+ZFhhzMoxqXWGQWm7AuDSOYM0Kk5VZZe/ja0/vb8Foci0W7blck39fozMD7tlPR4fUrEq7mB92yno8PqViWqyCIiAiIgIiICIiAiIgIiIOLZ1fes5yJb2axDiKv2X8y4caJEmGxHw4sQNDiKPYbDbLasN+GpwVHy3keYlquLRHaLIHe2v744uxpCDXUA5SDy1qOGGxazXPDQ58vMQxTF8CKxu91mg3leYU014Ba5rhraQR0IMztixvC9UXk7Dz/AMINLKkr3yE9gxI4PKF46blVMjN+kh8tvWrq5V2LL2JtgGD3teN5vHPXoQbIwVdew/1DhTzT1qx1UA4O/qTf5p/xrhzKImJCQfGfYYATSpqaAAEAk8VSMNayTsl3p7mh7YgY+w4tuo6hIBB10dQiouOBqFs5vzboMUvDWuqwscHPZDuLmuqHPIFatF23DEZ84ZsxC6y4FhiBwDosJ720aWhrWMe6ywAnSRUjCtFSWtKzVAskecOg0KhIs21txNXHBrb3HcF7gyseJeaQWcfCed2joKnbWtx62naYyJlKxLvlrQJe9z3Chq0tc3E6QQxp3qBziZQtOu7paewrafkp0JzYkAkuFbTXm54ONNR+dvnLTxFhB7QQ600WT4TXEgWSN+9epnbNWsVd6zA+7ZP0eH6qsShc0pUwpKXhuBaWwWAg4i7A8amlGQREQEREBERAREQEREBERAREQFE5QzflZi+LLwoh/EWNtjY8cIbipZEFKmu53Lm+FFjwDXAP743eIocabCFDTeYc4yphxYMcaA5r4DucWwTuC6ciDi05kqbhA98lItB50MNjN5oZc6nGWhQEzEhPfDIc0PZEFWu4LgHEAgsdQg1s4jWv0QomeyWyIHNfCZGY4k2Xta4X8TrkHApd3AYSfMb1BasaW+l74DdZskasKEfP8dtOakEkASMsG63NaaDiArzKblMgS0Noa2XhXf8AjZjjqRH57PyBeTsAxXhkjEiYusN1MoXna7Bu6q/SjZOGMIbBsa0dizNaBgKIPzmySbAbasWBpc4UJ2ucpLJWT4sy23Ba17QaFwiQgAeMOeD0LvixGC0+aOYIacnkMypmIbnQmjSbdqnFwQb1YMjdz5sOMyNGe19g2rDWmyXDAkk3gG+lFeYcJowaG7AB1LIhoRERRERAREQEREBERAREQEREBERAREQEREBERAREQEREBERAREQEREBERAREQEREBERAREQEREBERAREQEREBERAREQEREBERAREQEREBERAREQEREH/2Q==', 'High-end gaming PC with AMD Ryzen processor', 2000, 20, 1, 3, '2024-01-03 12:20:00', NULL, NULL),
('Soundbar Sony', 'data:image/png;base64,iVBORw0KGgoAAAANSUhEUgAAATYAAACjCAMAAAA3vsLfAAAAn1BMVEX///8cHB4AAAA5OTtDQkcyMjQsLC47Oz03NzlMS1AqKiwuLjA0NDYaGhwYGBpMTE7r6+wlJSdEREb09PQJCQnR0dHExMSFhYcTExNAQEJHR0k+PUIgICJdXV85OD1GRUpTUle3t7jh4eGtra5vb3CUlJZlZWfv7+/Ly8yLi4yioqPZ2dpYWFp9fX6ZmZqHh4gpKC9iYmJ3dnqmpqZgYGAh1ZcDAAAL4ElEQVR4nO2dC3fauhKFi40tIws7Fg6xbAPhEfKC9LbJ//9td0aSX2Cn9Nxzm2Jrr5yG5DRd4Vt79owsYb59MzIyMjIyMjIyMjIyMjIyMjIyMjIyMjIyMjIy+nc0e9rMvvp3uD7ND/7yfvcw3zx+9W9yRXrdedl4nGVLB9g9r18Nuwt080wIH2sJsWReuP++fr356t/r79Y2XY5PlS2Xy3B/t7417No1PyzFGTXtu2zppYvj1rA71Wa3zNqhjcdcFi4E3jI9HN9Nmy31+Jx1QiuwyUfiP5ZxXKFtandDq8vLg8BgU3o6MMF/jYyPs2g6mhpsUhs5qX1SmMXXwp1ORwab1OzBzlqd1sTGOXdGAM1gk9qK00ltcj+ZTM4h2rmEZrCBbu/Px1vU6hRaFgWjkcEmdbNzPhk66pKhZrBJPVwCDTJt5dSgDR3bmrTX5xm2MtQMtm/b0C+tVq0AWjqqqEJt8Ng2/D9LVIYLKv4JNu4H05HBpjWPXcdhS9u2kZ04951ONTY9gzZobIHrUteV7IDbcjluWcdzkrdAGzo21/dd/NP1HeYRMJ6HRVtBy85CzWALEJePjvPxAfWRna3zTmLz2+rTYPNd9YF/oO+o9J/KO4/o5afB1tA8oAobjSiNVLXi11TVrDPqqE+DDbFRx4NI85jv6HKVKF0/Cgy2NklsEQNiDooxBo9c+B5zct9g6xJiiwCWZAbU5IfHXEqFcAy2LgE217dZBU3JcyjIYOvSPKHU9jQwZTnFzqEm27qFRWojpapMi4gzbuvWPIgcWzlNfZR+89BuBlu7ABtMHkwx091UuQ7izbitSxob09gKx8kyNW7rFGQbjrmyJehmqsgpuxls7ZLYGCtHtqJSpd8Mti41sekphOm2YLB16QybU2BzYK1gsHVIY/NO3OYYbJ/qxG1Fshm3fa5aJ61jUz3BdanB1iqY24jE5pTFWWHzh+C2x/nz8e7tN196geNuic1pwBsGtjUeGVqNs/Fh97B+vfQsMhQprkmdFg0B29OepBN5Hm2ySnnGD++X/Zy+AgKU/DNsjk97ju0o0jAEbKBQKuWX+Q2wUbvVbAPAduMgqomUpCZG9HJsuH3QNJsvv2Ruz7HNQp/ZaDhtNRrHFbbZdrffd73UTB5mkNh8iU5/+Apbz7NtthAw6MNzBXYpd/IoqbCtQ8JXMu/u8aVmJz85T/AACPNLOcVnwNb3lgDY5OENG58/pT4tsT3tBbYK1StWq4x/NJ8pYvMjzDE8y+DU4eHGX7+xPS4AGrGRHBG4eVJge1CtQjYLlXzRbeMn5wnuv1NZl3gGpGY71vvLlLMFAbd5eFiICL/mtgUv8i7EZjEZ59YJNtzwwz0qxc2t0Mm9q75jwyL1iAf/8brbjh51PME1NmwV7diwsku5MtpY/7dgsCWg3xAdFGnltu8clk4OgAB2xM3dadKGTZ42go5aq1CY2YaADYG1ZNsdl4XLYKJlaKpRi9uowgac8NARVQ0hokPA9lHLNsBGK2yMMNljbe6Br1rc5kpsPmJTB7akXGcI2CDbbJVtNj91m3KhJ7qx4QwyDZJgGkXymJavzDcIbK3ZBtiU18BtNu0oUvi2VSqeUlWzbv+xPdazjTWKFL4D2UY8jzuYbS0tgfqJ1VA8orJm+z+AfMg6JHpuqxVpWmUb63CbO7LONPIltp6vEhpzm3/aSXW2dRWpe07NshIo0v67Dec25OOpbDvBJo3Yhc3N27BZ8RCKdCFkxyQ6287mNsw21p5tbtKKzUrc/mOrZRtvm9s8nW3TFrfF7disvPedtHNNWhRpMbe1ZVsHNSjTvl8UL7PtH8xtURc2KxpAJ9Wess+wNbPtHFt7R0AF/XdbbW5rdlIgZn86t3Vji4eQbbWWcD6AfJJt3disvp9vK/cSNLZmtnmfZtsn2AbgtsJV5+MuzHNoxd/PNugJfcfWObd5Ktu8zmzr7qRW3vMD9qfZBtii4qL4r7LtE2yj3rvtNNssr3TbL+a21pU8tNFLsMVXju0gvEa2WZY6cVTObZ3Zlvi1xVW1PI0vwJZYP6783pRvvs+8cm6jAZmr76tsw0WX15FtSbWUj5mgl2MLLDH/gmf67+rp7gen1HeYzd1AbItvqyJFnKwj25LywlFMMnHPFcREfsq7sU2t6OXKrab1+Lp+3ot8RB6qo0W1bBM29VuxFQ5jWTY57PdpNMod7n4+gMTx8bpj7USPm8Yt5/XVXQi+0m3NM0eITRksyBS23W6/uF8R/FbXKiGwPk5PLvVLz6LKNsSWWHfNvzCPXapGEDfLxpP7xX6/Xxwm4yzpxAahtv6aZ/O/CRx1c2GuvIYR5F2BjU7PUhyxqT0YH9y2uj8sFovD/SrLgo6l/NQavV1jqN0eDykP98eX20veAeJx/rxLI2QnWGJvz35ijnsGcscvwnuRreSJrlQQkuCFo3NsiXWVoba5g6eG50xTTlJgd8m7Zzxu1g87zsKHllOoeIsB6rqBthuAW63GgggmO8IptsA63J7/G3+9Zi+TsTrjpw75rcZZuvj5Nr+A3az9VR4KG/VzmNNyTyA5QoggwDE43YKZWuwqQ+3bHVGnwcvDkXhoDXzHF//0nUc0NtelOZRlQhneN9B2ErlzRRtXd+P4KkPtG84TaXGGftIUVBY/ALvffeeRuRUhNgw46BgJLg8SuUKYyuMMFbbE+nmNoSZ1JHhHunGanmGTR0xXKzE+4FH6y5/g64HGQZ7jMRl5VCbKpwEox2NINWyBdX+NoaZ1lFvIHsOdFmB3hk6dBxfqKP2F7Gab7fOPgp3sD8XdyGgxt00tep2hpnWUu3oE0aGW2WrVMFzpu8kqE+H+7uJ3HplBs92zOAnySJarPJJauC22Hq401LQQG0IjEh08xsseAgOvOA1+EnhZuDhunzaX/euzGxhUgF2eR7JmFbbE2l1tqGkdiRZuiGp+HhbtkvC0hRsohWYRHn6+X85u/rbz4mSUI7cosMIrDjWtI1G4pNf0Q5l2+lJb1WjDWsHilMJFeti9XMoOFhcvP0Ucg9Ue/q9P6M/o2SlAqVpVn/Sf8gwqw0Z7jg0+hXI4vt+9zS+9ejF7evl+Kee/WrMdjAaOXXebbZOyT0hyBO9KQcarzgEvS8P9w8Xs+qEZVA9Bdl7pNkWt6LD4mTG8t5i3HPPWvMNGC//rx2+8NrwXmj29H0UwipyyXO2G6Zj6Qt47gOBLh9rmuzDkkIWL5/XtsNjdbo88GVHfs8s+UbjN051Cnt1iDlvKyyaTsPKbij9cWQixOtwNjN232+33NJlGPquTk9hqnQKmFGBnC1691q/WNCZqRRset7fDeivN1/VzCOxc3A5FcoXbyujTDyS7NGy2ilC5T7ITwO5pWOxgeRQmAbDDK+D1TlGFH9G+I9mqnnf1aWXFBeG79/m1Lwx+T8DuMJqOKFPMCmReMSJr2y2h0S4zrlxWq1gVdzikLMXuZWjs5m8/KKzJHV2rRadori6wZh0meNpcVJQ2BHaEALteDLwX62b+svfzXPquaA56FVtVrGPLAU8uaKukq5UvLMoI2b+th8Xu8el950URhUZrF6uyqk9IbGWvIOpCSnO003ewEcSG4Xho7LY/hRtFfnHVpDCbDdhqC1vmSd81BrwK3mol7B9f/VT+uHA4Th0KjdaurSucolN4tr6Kh3cOhIVFi+dA0bD8Vmh2u74LGdXDMXBzPN0zSH2pIW8euIQBuBhN5GgXiumQ3zN4BsPxgbjoO3SbXU4oxcK2aLhqYVF4Lo3iZMjYlF7nDx/CGZVDSr1TlOSIZjfmxM/dxGBTep2/7TmLKPMqtxWmK7cr8CG+UwfeQ8RgK7V5etulTA3HjUItIcJSFbqJOzLYTrV5etmFHvrOrobhckXBJTbjtnZtbt9/3tvgO1bti6nD54iNjmLrq3/Dv1c3MOAdCA4pXuk7HnLAFlsX3iZ0sLp53R4XAtmxItuioAcbpn9CN6/ruw8OCwtHhPaUX/+LEP6g8NT+Rxgetr/+q0anGtb+jJGRkZGRkZGRkZGRkZGRkZGRkZGRkZGRkZGR0T/WfwHr7zz96o47uwAAAABJRU5ErkJggg==', 'Dolby Atmos support, Wireless subwoofer', 300, 40, 1, 3, '2024-01-03 12:25:00', NULL, NULL),
('Digital Camera Nikon', 'data:image/jpeg;base64,/9j/4AAQSkZJRgABAQAAAQABAAD/2wCEAAoHCBYWFRgWFhUYGRgaGhwYHBwaGBoaHBwcHhocGhwZHhwcIS4lHB4rHxgYJjgmKy8xNTU1GiQ7QDs0Py40NTEBDAwMEA8QGhISGDQhISE0NDQxNDQ0NDQxNDExNDQ0NDQ0NDQ2NDQ0NDQ0NDQxND80PzQ0MTQ9MTQxMTQ0QDE0Mf/AABEIAO0A1QMBIgACEQEDEQH/xAAcAAABBQEBAQAAAAAAAAAAAAAAAgMEBQYBBwj/xABGEAACAQICBwUGAwYDBwQDAAABAgADEQQhBRIxQVFhcQYigZGhBxMyscHwQtHhFCNSYoKScqLxM0NTY6OywhVzk7MXJET/xAAYAQEBAQEBAAAAAAAAAAAAAAAAAQIDBP/EABwRAQEAAwEBAQEAAAAAAAAAAAABAhExIQNRQf/aAAwDAQACEQMRAD8A9mhCEAhCEAhCEAhCEAhCEAhCEAhCEAhCEAhCEAhCEAhCEAhCEAhCEAhCEDkJ2EDk4zWgTGhfZtgOK14uJVbRUAhCEAhCEAiS04zRIXP79IC1a87ACVumdNUMLT95XqBBsF82Y7dVVGbHkIFlCYWl7UcC26sOqL13NJae0bAHbUqDjejUIHUqpAga+EzlPtvgGF/2lANt2DoLcbuok/DdocJU/wBniqD/AOGqhPleBaThaIWoDmCCOIN/lFWgKBhACdgchOwgchOwgchOwgE4TOM1og/f6QORxVtM72n7WYfBL3yXqH4aaC7t4bshtmK0r7V2Yf8A61DU4tWFz4KjfMwPWYTwtPaHpBybVaa8vdC3yPqZIbt3pJdtWj40wLczkLfpA9smH7Vdukw1b9mpoWq6usWKkolxdQQCC18tmQuJiX9o+PW3fw7dEvw4Nz+cz+P01VxNR67lRUIUXQFQNUWBGZN7edoGtPazSdQ9yiTTNtVrinrAjaLHZe4Fr3FpZ6Tx2kCq6tNLsBmcQyBW590XH9Q9J56vaLE2A9855tZsurDZl5cyJD0hpiuxzqHoVTj/AIciD65HIEnOxo8d2rx2GYhq594u0K6vTvw1bnIcSTflPUuwWn2x2DSu6qr6zIwS+qSptrC+YBFja5nzViajE95iepNvC+ya3sr23rYLDNSpls2Z17qFQzWGZILEZDhNEe1dsO1VHAUtd83e4p0wc2beTwUXBJ+ZIE8R0vpGriahqV213OQsSFUfwoL91R/rcxGkMfX0hXFbEENqKE7o1VABJ1VHEkkn/SSv2eBVe55Hz/MQ9xfcfvwlsMNyihheUCpSib5E5/e4xw0jsvfPWzuc+OYlsmEkfH4hKOTZsfwjbyvuAgQaaMjApdTe90suY3d0g2PKS6PabGUvgxdbLcXZgPB7iUeN0s5+FVUcBcnoST8gIy9YuBcbvPrx/wBIHrvYH2jGpUXD4tgWc2p1bBbn+BwLAE7iNuw7ifVZ8lW4eYyPXlPoX2cdp/23DDXYGvSslTi2XdqW4MB5gwNhCEIBCESYHNaE5aEDpG8Tz3td7SqWGdqOHT31VcmN/wB3TbgSM2Yb1HS4iPav2pfDImGoMVqVVLM42ol9WynczG4vuAO8gjyDA4LWIgStI4961R67nvtbWOduCqLkkDlfiZZaIw1JxYK1R+FsvDdIlbBbUVQWBB1bga3dzt01vO19stdH40YemzrQqa4Bzf3eoLXuSwe9sjugV2kcGyks1MIq594cM9u7ZuM1GhMHhAtSpiER2pIrkOqs1mB1Vz5qwmH0h2geqQ9Z9dhmtNBqop3Eg5k9c5XNjXbXZmN6ltbmBsHQQJmkNJq9VmSmqITkqCwA5DZGGxaG1g4PEHVsN+y95BGe3ZvMc1Bsyy2EcOcC9TCUCoPvnB2/CMuH4Puw4RtdF091d/7RuFuW6c0CgdmLoWRBmSwRV4XNjnkdg3Rek3FKqVCsoyNmt1Ga5Mp2g7d3EBoJGgaRP+1J6qPq0cq6OC6qI2uzG1tUZDjcE7/rOUX1jlsG378Jo9A6NNjUIOdwt/It9POAnDYAIgUbt/E7zHxh5afs0UuHgVa4aPJhZZphoxpXFLQTWsCxyReJ4n+UfpApNM45aC2FjUYXUfwj+JvoN8w9VyzEsSScyTtvxllj3LszMbkm5O//AE2dJXMsCMyyRq2+UCN8ICSZfdjNN1cHiPf01DLqlHVmKqynMC9j3gQCLAnbuJlZgsNrk5E6ueqDa/ju+cl1abD4gVA2DVsB0ED1zR/tWwr5VadWkeIAqL5r3v8ALNRo7tTg69hTxNMk/hLarf2tY+k+eNWdWjfbA+ni3CdBvPmzC6br4e2piHp8AHIX+3Z6Tc9jfaBWZh+0VadSmTqkhQtRf5ja2Q4avjA9chGlcMAQbgi4I3g7J2B4r7Uhr6Ssdi0aa+bO1x/dK3A6PZbMAGHEfUH6Xkv2na3/AKlUIyISnbmNT8yfKZ2nplk+JSp4qYGs0gjiizU013WzW1NY5ZZWF76pPWYfSOOxToaRpML7QKLhjnzEkYnS+v8Ai8xb1Eg1tIuVsKrgcBUcDyvAj4jDIiqpU69hrAm9j4AeWfUyJtNo6AD/AKxVVBYav3xvAbVeotx57jyjaVO9ls3RNaoTlfLpnEoYGn0BpWnRLpWVjSqMHDIAzI4BBBU/EhBIIjem8cmJrqaKOtJQFu+0gEkm1yBtOV5UUXPGSzUsjG+755fWBJTEksqJYFmCgDaSSAM+pGwDrL/GaLxuHeol6DClQGIZmQW1DrAWJXWLdxsjtttmd7J4uimLpPiH1KaNrk6rNcgd0WUE7bHwm6x3auhi8HSRnppXr1UpVtZlUrQR2qHWJsApsAOOtApmxWOQEmlRcCkMQ2o5GrTOt3m1agse62WezK8iUe2r/wDCP9NU/J0abPRdXDVnraxVlxWI9wiqy96nQTabfgY03PMPzkXQOhqdZKdZsHRc4io4qWQCnh0QMNVdXJSCFW+0nWJgUuH7dJvSoOopuOnd1JFxWlhXbWYi5yBHw/4Rf4eh85b6N7NYFmRXR39/WrGmy1GUCgjHVZs81IKWIzOtt2zzjE11Wo/uidTXYJfMlNY6l+J1bQLzEpa993H76yvqix2HkLbRx6Qw+JY89XYTnbhYecHucztgM9f0iXaLYRpoE7RGJKFrG1x57/pLalpc7wDsvlY+lpnKNSxB++kka1jyvlz4QNCmIov8aap4i30tvi2w9Fvhq6p/m/W0z61rb8t0BXMC5oaFSs5BqAOHVQ25RrC7sD8S2J4bNsexLph09zhgjaroHdyFZ2JNhdrWWwvcEjNeOdXouoTVXM7LZWHh06yzx7qSL2JG4Xzscri5GRv5mB677Pscz0XpOCGouFzIPdZQwFwSDY6wyNspyZr2UYkg4kE/8I//AGflCBn/AGiPraSrWPwimn/TVvmxmVr0zyPp6S+7VVdfH4pv+ay/2AJ/4yoq/p+n6c84FPVpjhIzIDsljWHX733+vlGtTV4EHafCAwqat9/HL1HKMVql9mzfbfHKrkDVvfdf6SMYCLQSdGyCwJNIx+o18gSOYjVBCc93E7JNosgOfePkPXaIEAl72DX6qDO2fein+kj5TSYLDFhYAANtyXPMnhz9BNBh9DBh3mBva90U3Ivtyz2mB57qW+KmlzzI8IoYsqGRfeKjfEq1DqnjdQQD4z0KvoV1FwyMBfukMozFrZG3+plHj9HJsdNQ55gDVPDNBkP6fyAZyjpiottXEV1spprdidVDa6LmbLkMhwlcKabnHiDLSrotrAr3rllFgc7WzvszvK16RG7zgP06oU/xAgbOI/WD4snYB841Tw5JyEm0sEBtgQSHbefl8o4hIya/jtH5jnLVMMBHGw4IzAgVvu/CP+8uMycuZzHKdCavdPgeXCMMbHhA41QnafrOh+nkJxxYxN4FroM3qrkPWP4g949TI2gT+9Efq/EesDY+z+tqtiOfu/nUhKfs5VCmrfaSD4d60IETHvrYjENxr1T/ANRrfSRao+7elvp5xbvd3PGo582Y/WDZX6eX5L6mBDdMrg5/O27r6CQsTVysL77+drc9m2SMXUtcX2jP8+XSQHPy+pgMOY3FuYgwEjYZodA9la+IswQhbXzBzFsmtlYc2Kr/ADCT9G6LoYNFr41S9ZgGo4UZGx+GpWJvqKdoUi5G47qzTvaeviLq72S9xRp92mOqj4z/ADMSYF42j8DRP73E0mYH4VD4k9NWmUpIb3yZn6x/D6cwiZJ+2W/kXC0F8BTW/mZhqNJ3+Eaol1gOzbvtc+ZgbTDdpqA3Yvxqq/plLKjp/DN/vSD/AMxP/IXHrMqnYl7XFVxw7xylPpDQ+Jo7H1xzF/1gehY2uCuso1l/iQhhMrpCoWuUOuN4HxDqu3xF5lKWlqlNr3ZG4qTY9RvHI3lnS01Tq2Fcaj7qyC2fF0HzHpAitiipuDt28xw5xylQSoCRqq18kC2Ui27gcieHDhJGPwhBX3tgHzTEJ3kcfzau3qO8N4aVdWi9N9VsmFiLG4KnYykZMpGwjKBNSiVytmNvEcjHVUcD4R/BVxWGqcnF7HMljtCm238VsiSWAg6kZbDsPUQBagH4R1OfzjtPSoUEOoZTtUi9+gkOq+rtkRaJY3bID0/WAvEhajayKyIDdQTc34X4SFiFK57pdU8OzLdBceHylHXrqXAe9r2tv4XPCApxdFYdD1H6W8owTJlPbVQgAgawAyAKkBrAbBZiRIYgWmgj+9Ek1PiPWRdCH94JKYd49YE/AkAt4fWEawe1vD6wkCMOuZvxPTbmD6ekTiHt14naN2Y/EeW6LU21gRncjrnkevDrGMQfqPzt9TKK+v8AfXPzaQ3+g+UlV/0y67B+chufkPlAaaX2haK0EGLqKrsSVw1NhdWZTZq7jeiHID8TclMq9FYL31VKetqhjdm/gRQWd/6UVj4Sy0vjVdzUKWQKEo0tmrTTJATuW2Z3szMYEGu1SszuzXLMWeq52sdue88hsjdNaSbNaoePwL5m5PkIy9RnzY8gBkAOCqMgIunSYkKu3gMzM3KTqWyJ9LHFfhpoOusT1zaT6HaWunw+7PC62v6yGujtUXbNvl+chYkjcLnlMz645cNtjhu3L2tUpL1Q/Qx2rpRKo7p8DkfKefmow/DaKTGkHYR0nSEq80lhla+UzleiUOWyXVLGBxmfHf48fn1kTEpxhUjQGnPdXp1E97h3+Okx/wA6H8DjaCP1F7pDAU6aJZzVwdUk0K9rtRc5sjgZ7u8m8DWWzCxxFRCpuJo+ymmVpl6NYF8LWstVd6n8NZODobG42gchAiV6T0nKsLOpzsbgggEEH8SkEEHeCJcHFCoqNnrWsxytlkoAAFiBlt2AR3SmiGRnw7EO9JfeUGGyrhzd9VeIA1nXba1Rf4ZV4Punkfu8DS9lOz5xb1ACL01VrcmLZ/5fWVHagKjqiKFAGdt5spv6k+MbfStbDXeg7I1tRiuV1uDn0IHnIWJxpr0tdzdlsG55BbwJuh65RyjZHLK/EXlV2gwYWszbmAYDdwb1t5xwPqs7X71wc7ZjM3G/5+GV3e0Hfpqw2g28D+toEXCIzOr2yZGVj1BQH1TykQRzAVWuq37q38vit5gHwiEX5/Z6QLLQ698GSnHeMj6KfvjLPp6ySzd49TAnaOvdvD6wkvQNEkO1rgkDyv8AmPKECuqiz1F4VHHkzD78ZHr/AJ/fJR6ybpFLYnErwr1h/wBR5BxP65+hN/QQK7Efe64v6LwkKr9B8pNxB2/XrtOXpIVY/T5QLbQoCUMRVbfqUF56513HiEVTyqNKitVLsSfv9OEexFQrTRL7buRzcAA/2KvnGKYilPotgOM0Oi8CEQOfib0X9dsoMMNZ1U7z6b5pamJsLCeH73K+T+sY/tIekGBLNqou07zyEqMViBsRdVefzMk43EXso2D58ZWYh9w2fecvyxsS9RnfnfwidYHbJrYEKgZjmcwOA3SE6T0zKXjVmnNUrmP0k+jVDrY7fkfykKk247J1UKv95ia2SnKlHaDlaMDum+75fnLYrrC4+xwkHEUriaabHROIavhQoNq+D/e0m3tQuC6c9RrMORtIGkaSq4ZBZHUVEH8IYkMn9Lh1/pEh9kNJe5rI5+FW1XHGm3dYHj3SfIS703gTSWrR2/s1ayn/AJVUXU+aoetQwKHEnWVlO8Sr0S9yyH8SkeMn1XlSGCvrA56xy5H/AFgKq1y1uQAPMgWB62MnYvE3phRnkLnhvt1kEUmPfsQrE2PEjbbzkmrYqF+/vOA1Qyz5H5W+sUDv++nMRRNhn4flG7wLDRR/eCSmOZkPRnx+B+Ulsc2gbLsngzZ9bYQrqOTF8zbjYGEsfZ2TWaudT4UoKLcvei55m14QMnp1gcZirZD39Xb/AO41/X6SrxH3yP1b5S77SKFx2KU5fvmN7XHeOvmP6vlKbEUzusehB27gNtzvMCrxH162P1bjIVUfT5SdXpt/CeGy3gOA5mRQO+ORGzlwgKx63e2wAkDhl3R/2zlVfAxzHfGep27+8fWR6xzky4zeHcA3fB6/KWT1JUYdrMD98JMepsnDLHdMeOl8/ORdbOd18/SMuZZii8xVEe5WsWB1mKheSm30lZjKwdiVFhIrVmI1b5XvbnG1uTGOGusTG7ttPImeUnVUGoOXrz9BIlBc+BEm4k9w+HmTf5Ca3qrb6Rg6h2br2HpHqlPKR8KndJ/m+kks/dnTG7jpjfEPCZVCu5gfT7M32mzrqlQ/7/R1251MM2sx/wCiJ54j/vVPX5GbmtVvhsGTup6RTw1HP1Mqsi5vskdUuwGy5AO617Ryi9yY7SQM97gWGf397IC8a4bIHK4NjYbARuykFmBPTdwPKO4lhckccvpIxN4HS1zFrEKI4ogTNGfH5/KSt56/WRdGHv8AgZKWB6d7G6dxijzpDyNUQkj2NL+6xB/nVfJSf/KEDMe0nRrUdIPUIOpiArq24sqqjJ1GqrdG5GY/EqeE+kdM6Io4qmaVdA6HOxyIO5lYZqw4ieY6X9ktVSThcSGXctYEMOWugN/7RA8vZL9N8jV04ffObfEezzSaZCgtTmlWmf8AvKmQP/x9pRmsMIygnfUpBRzPe2dIGb0ibuG3Nn/cNYfOMVtx8Pv1mj7bdkK2ASh7xlcshuyX1QQ3wXO2wK52EzyEMpAOcJZsxJOvcSKDFI8zcUx8Kdoktfr84tlvmNsatfZt4SF9c1TH0FsreMEuBa33xEVrnYPPjCHU4xzEvkF331j9B5X84wtQLzbzA68ZOwOFJOu/UA7SeJmNesaLWnqoAdu0+JkbEPZR1P0k3EtlKrSL2CjkT6gfSdMeOmPEei13HK5mrxlfVwuHBPw0MU//AMrikv8A3TIYe98hcnIc+Xyl92ga1qSnYEoDpTF3Pi7/AOQzTStwuwnj9I970ldXdtJ477eE1/Zn2dYjF0BWDJSTYmuGu4G1xq7FvsO/O2ViZuJ9lWOHw/s7Afw1XB62ZAPWB50wnNWbGv7OtIr/APysw4pUon01gfSV1fsnjU+LCYgdKTuPNARAogscCyW+jqqmzUqing1N1PkVkzCdm8bVyo4Su1/xFGRfBnsIFdh6ypckXOzpJCVBa5Nht6TS4H2UaQexcUqQ369TWI8EDD1m47Key+nh6i1cRVFZlIZVCaqBhsY3JLEHMbBvtJRa+zLQr4fCXqLqvVb3uqTYqpVVUHg1luRuvaE2cIATEEwLcZ1VlHVEVCEDM9vOzwxuEemB3176f4gPh8RceInzUlM03ZWBDA2z28x1n13PIfax2HL62Mw657aijj/xBy4+fGB5HiqX418R9ZHA4SZh6xBscmG0Qq4O/eTxX8vyhNIyNJKoCPvyMZAG/bv3ekC5HPmOHOSxNFtR3An8uUEw19piFqR0PMol4aki52uecmNWylYlThJKKVzb4tw4czGlkdqtmF3nd9JUaQqazkDYO6PD9bywrkINf8War13t4SBhcE7sEQXZvQbyTuA3mbaT+zuGu5qG2rS72ewv+EE7hcaxO4KZ6R2E7AftBXF4q/uT/s6ZFjUW5PvH4KzEtqjbrcMjbdjfZ6AqNiB+7XvCmcjUY7XqDcuQsvAAGwuD6gBATTQAAAWAyAGwDdlujkIQCEIQCEIhjAUDOxCiLgctCdhAQoi4QgEIQgESwByMVCB5J289mQctXwi57WpjaN904j+Xdu4TyeoXpNq1EKkG17Hb+c+sjM/2h7J4bFg+8pgOfxrYN47m8ZB86a6P8QB4MNvmI0cCp+FyOTC/qJ6NpT2SVEJNErUXaAG1HHgxt/m8JmMV2OxVM506q/4qZI/uXKUZ/wD9PP8AEnrFrggNrj+lfqZZLoOvwP8AY0ssD2MxVQ92jVP9Hux/c9hAoUsuSCx4nM+HCdrUgq6zki+wA94z0DC+zPFkf7qmTvdtcjwX85eaM9ktANr4mq9ZuA7q9OY5QPINGaKr42qFooWOzId1RwvPb+xPs/pYMB6lnrHMn8IO3xt5dTnNfo/RtKgoSkioo3KLeZ3ybIOCdnLTsoIQhAIQiGaB1pwCCxcAhCEAhCEAhCEAhCEAnLzhMbsf1gPTkIQCEIQCEIQCJYwMAIHVMVCEAhCEAhCJYwAmJAvAZxYEAAnYQgEIQgEIQgEIQgEIQgctACdhAIQhAIQhAIQhA5adhCAQhCAQhCAThE7CBwCdhCAQhCAQhCAQhCB//9k=', '24MP sensor, 4K video recording', 700, 15, 1, 3, '2024-01-03 12:30:00', NULL, NULL),
('Home Theater System', 'data:image/jpeg;base64,/9j/4AAQSkZJRgABAQAAAQABAAD/2wCEAAoHCBISERISEhUSGBIaGBISEhEYGBgSEBgPGBgaGhoZGBgdITAlHB4rHxgYJjgmKy8xNTU2GiQ7QDs3Py40NTEBDAwMDw8PGBEPGjEdGCE0MT8/NkA0MTgzMUA0PzE0OkA/MT8xNDQ6Ojo0Pz8xNTExMTQxNDE0ND80MTExMTExMf/AABEIALEBHQMBIgACEQEDEQH/xAAcAAEAAgIDAQAAAAAAAAAAAAAAAwcEBgECBQj/xABNEAABAgQBBgkIBQkGBwAAAAABAAIDBBESIQUGBzFBURMiMmFxcpGhsRcjc4GSssHRJDM0QlIUU1RiY6Kzw/AWQ3SC4fEVJURkhMLS/8QAFQEBAQAAAAAAAAAAAAAAAAAAAAH/xAAXEQEBAQEAAAAAAAAAAAAAAAAAAREx/9oADAMBAAIRAxEAPwC5kREBERAREQEREBERAREQEREFSaXpt0OckwHOA4OIaAkCt7di9vR3MF73YmnBknHaHNp4lazpol3vnZSynFgRHuJNOKHjvXo6IZi+JFG1sMg9NzUFqoiICIiAiIgIiICIiAqj0tTjoc/JNDiG8E80qaVvA1K3FTWmeWc+elLKC2BEe4ncHjvQblmLHvJNfuY9rf8AVbmqy0SzgiGI0Gpayh5jcFZqAiIgIiICIiAiIgIiICIiAiIgIiICIiAiIgpnTNlKJLTso+HSpl4rHAi4Fjnio7hjzJoPj3zE1sPBg06XhYmnr7XKehf76aBT9LnPRM99BeKIiAiIgIiICIiAiIgKm9MuUYktOykSGRUy8ZjgQC10NzxUc2w13gK5FR+nv7VJ+iie+EGboSmA+NM0AHEBIGP3wrjVHaBXfSpsfsWH99XigIiICIiAiIgIiICIiAiIgIiICIiAiIgIiIKg0tRYLZ+W4c0BlooY+26kS/Co2A4iuxY2hN7XTk5aa+ZZV3+c9qxdPX2uT9C/+Iu2gT7VOeih++UF4IiICIiAiIgIiICIiAql0sxYLJ2V4ZxaDLzDWPpdSJe0gHcDiK7FbSpXTyzzso7cx47Xf6IO2heIHT01QhxEBtzwa184KCu2g2+rYroVF6Bvts36Bv8AECvRAREQEREBERBXmU9J0KBGiQTLRHFjnMLg9oBLSRUCnMsQ6XoP6LF9tvyVe50n6bM+kie8V4r0Fs+WGD+iRfbZ8l1OmOD+iRvbYqico3ILgOmaD+iR/bhrvA0wwHOa38kjipArdDpj61TJU0l9YzrN8UF95N0k5PiuLIhiQHAlvnG8Q02h7SQB1qLb5WZZFaHw3sew6nMcHNPrC+ZI31j+s7xKnkZuJBdfBfEhv/Ex7obj02nEcxQfTaLS9GeWZiblYrpl972ReDa61rTZYx2NoAJq44rdEBERAREQUtpwhB81KA7ITyCMDy1NoSk2sjzTml1TDYDUgjB55lxpsH0qTP7KJ74+aytDA85M9SH7xQW0iIgIiICIiAiIgIiICp/TZR0WVhkYFj3XDlAtdSg2UxVwKn9NP2mT9HE99qDnQ1kxkKYjvaXEuhBpBIIpc04UAVvqrdEXLjdRvvK0kBERAREQEREHzbnOfpsz6SJ7xXjOXr5yn6ZMdd/ivIcgico3KRyjcg6FTSX1jOs3xUDlNJHzjOs3xQZsY8d/Wd4ru1RRj5x/Wd4qSGguHQ59jmf8Qf4UNWEq90OfY5n/ABJ/hQlYSAiIgIiIKc02/aZP0cX32LL0L8ua6kP3nLG03Dz8l1I/vMWVoX5U11YXi5Ba6IiAiIgIiICIiAiIgKoNNf2iS6kb3mfNW+qg02/XyXUj+9DQZmh48aY6jPeKtNVXoa5U11IXi9WogIiICIiAiIg+ac4/tkx13+K8ly9XOE/S4/Xf4rynIInKNyymMhkcZ5adgtLsOmqimGQwBa8uOFRYWga9p17O1BjuUsl9YzrN8VCVLKctnWCDKjHjv6x8VlSMAxHhgIGBJJ1ABYsU8d3SfFSy8fg3V5iPD5ILDzUziGTIESHayIHxDFLy8wg2rGMpS015Fa12r1vKvDrQQodfSmnbYqxk4BmS573EQ26htLtw+J9SxZmWaKgBBbnlMNR9HbTbSIa05uIt4yPlaDNwmxYLqtOBGpzXDWHDYV8wsmDDBFTb4H+qrdcw8rRYMxLmG42xHw4cRh5LmPfTEbxXAoL5REQVBpvHnZE/qTPvQ1kaF+VNdWF4uUWnAceQP6s0O+EptC2ub6sLxegtZERARarlTOxsKI+G0N4hLXF1TUjXQDnwXjzWkaHDNHmCD+GrrqdANUFhIq7haR2vqWCC6muhNR0iuC7HSE4f3cPtcgsJFWkxpPDOUyEOYvNexdIWlG/kMgnmD3V7EFnItGzfz9bMR2QIkMMLyGsc0lwu3OB371vKAqh02/XSPUmPehq3lUWm4edkepM+9CQZGhjlTfVg+MRWqqq0K653ol/GIrVQFg5TylDlofCRHACoa0fec84BrRtKzlQOdmXY0xPxuEdxYMeLChsHIayHFLK03kNqSgsaJnu4V80ynXdq6bVgP0oQmutLYFdwinxsVcy8N85EdDLyyCxt0Q7XE6mhYE3KthktaMAgtwaRsKiXYRvEY0/hrbMg5XZNwRFZhiWubWpa8axXbgQfWvmyFMGGTbgPvN2U1VA2Y0HrVw6GZvhZWaOOEemPo2IKsy6azUfrv8V5bl6GWDWPFP67/Fee5BE5RuUjlG5B0cpZTlt6QoSpZblt6QgyYh4zuk+Kgm30DOnuUruUekrGyjyW9J8EFi5tZGhxYMUNeCWPodhLHtD2Op0EjpaVr+WJYQ3uaNi8XJWX4su4OY4tfbwbjrY+Hsa9u2m9dpzLhiEuIFx3VoggmQAyITva0dOJPZ8Vt2aUOkzIN/XlT7TmO+K0GYjufr1bBsVjZsfbZAfryfc1iC+0RaNnFpJlJKZiS0SHHMRltxoxrCHNDgWkuqRQ7kGv6cBjIH/Ej+Eu+hXXOdEHxetZz/z0lsptl+DY9jobolby2ha8N1U21aF1zAzzg5NMwYrXvEQQgywjCy+ta9ZvYUF/ItJzf0gQZ2PDgwoMSr7+Ncw2NYKkvFagHADfs1Gm7IPn/PKcf+XzcJh4xjPaDuq7xxXizOTocMYVc7W5x2u2r2J6LDOXJ8RNTYz3DXWjXtvIG0hl9BtNF6udeTocMAwyCCAQRiCDqIKCvogLHBzOK4aiFmOyg8tw5Rw/zFQTUOuA11oOldslRIZmyHCraGxtdb2irRXnIp60GbEyYxjQXG+IcXk4i7cF5cxDDTVuBGohWPnHIQBCZEhODmPAcxw2tOpaBNt1oPUzLnScpyLDWpjMx2az8l9JL5mzScP+MZOaBS2LCa7bxsar6ZQFUem/6yQ6s14wlseX9I0tJzESBEhRS5hYA4FtHhzbqtFakDEE7COcVrnSDnjL5SdLOhNezgxGDr9t9lKU6hQbVoT/AOt/8b+arVVCaP8APSWya2Y4Vr3uiGHSzkhrA7XXbV5Vh5vaSJSdmGS0OHHEV91vFDmUaCSXEHAUGuiDeF805zAicykP+4nndsR5X0svnDOtn/Mp9u+LM4c7rj8UGRmRImYY9rHUfrLa8Yhusn2u4rrluQdCcQ7WtVyVlSJLPESG4tIIII1g7x6sOcL1spZzOmDdEDbtpALcehBhOZi47LXVPSrX0EurLTvp2ntYPkqbmJsuwGAVvaBT5ieH7SEe1h+SCuMqHz0Tru8VguWZlA+didZ3isNyCJyjK7uUZQdXKSX5bekKIqSDyh0oMhxxPSVBP8hnSfBS1xK4iMvfCZvce3BAkMluiAupgOUdgrs5yuY8iBt7sFumT8hxPyRrxgOPcNoe1xa4HnBbT1LXZ6FaSCg1yPDt6FYOZ8W7KMk39pCHstHyWlTbPNv5nNp6618AtuzExyrJ+kr2Mcfgg+iFgRskSz3F74UNzjrcWgkrPVd6YM4o8nKwGSzyyJGe9rntweIbW1cGnYSXNxQejnLN5MkgBFbBD6E8E1jXxSNnF2DnNAtFfnxCudZIS5Z9280fTntbT1KsnTkRxLnPJcSS5xpcXHWSTrKCaifi91BasrpE4I1hyMs0/qucPgsvyrx/0aF7b/kqh/Kon4x2sUnDRqVrhv4lKdKCXLc/EiTseZAte+I+MAMQLzWldo2LuctxS0NNbRqbrYOgHV0DBYl7yaksPsFTwiNrWHsQY8Wce6tKjZWmw61ituBBFQRiDtqthguhbYbD6j8Cslr4H5lnY75oPMZluJZabqVJIGLC46zadRPMsWJPRDiK12GlKdC9iLGgCvmmDfyh8V5sxNMNeDh4fi4xFP6B7FBLmpFfDn5aKG1LHiKQcBRuOKugaQYn5qH7TlQ/5TEYQRc07MKeIUn/ABaY/OO7G/JNFzT2ccGYIdGlJd5GouLq9qigzsmXCspBa3bbUu9Vyp85VmRSsR42jBuI5sF3GV5sGnCPB3UbXwVH0PkmRybHqGMgudQGwtDXjfxdvSF68vkCUhuERkCG14xDgKOC+ZGZYnA4UixLwcKAB4dzUFQVduiPOGYnJWO2ZeXxIL2sER2EQsc2oD95BDsdaCwl8554xODytOu3RXntaD8V9GL5v0gGmVcoD9p4w2H4oNYybk98Z7WMBcdVBzCp6BTFelFyaIZLXAVGvdVehmY5zb3QxV1pHPaXY+DVPlWG64lwoUGtTEqNbexWjoHjADKAO+Vd2iKP/VVrEHG5iHA9FD/v6lvWiGYsflDn/Jf53zQeBPZAm+EiUgvPGdiKEHHZisU5vzh/uInd81flg3Bc8GNwQfP7s25z8xE/d+a6nNmd/MRP3fmvoOwbglg3BB89HNed/MP7vmuWZszoI8xE7vmvoSwbguCwbggpXJOYc5Gdxw2G3aTxnU6FgZ95vjJ0SVa15e9zXvLjqq1wAwCvtoWi6Tc2XzrIL4NeHZc0A8l0NxBIJ2EEVHSUGl5GztMOHEhu40N7jEp9+HFdy8NrScemp2leRPTbHEurzqX+wOUfwM9o/JDmHlHaxvtH5INfnJi4Wjk4k87lu+jxpdlWUoCaPeT0CG/FeZL5gTxe0OhttqLheRVu0VpgrXzDzcfKRL4jml7gWkNaGtAOOG3WNpKCwVTunhjnOkANQEyTsxcYf/yriWiaS82XT0OE6GS2JDL6E4sLXUqCNdagaudB8/CC78PeFyIJ/CfaC3XyfT2+H3rjyfT2+H3oNL4E/hPtNU7jELQw1tFKNvbTDUtt8n09vh96eT6e3w+9BqDYR3fvNUjWkf7hbX5Pp7fD708n09vh96DWGRHNILTQjUQRXb81K/KUxse6tKVq0GnSti8n09vh96eT6e3w+9BpswYkRxc/FxJJNWjErhvCAECoFKEVbqx+Z7Vufk+nt8PvTyfT2+H3qWS9GlxWxH0uxpq5I8OgKPgH7u8fNbx5Pp7fD708n09vh96SScGmiWivxtcaato6EMOIXXEGu+oPxW+NzKnqULIJ6bv62I/MqfdiRD7T8lRozYcQOu+9vqrX0FNeHT92pwl3DEHjAxKnvC17+wc7QC2HQasXKxtGmbL5GFFMR1z4hbiMGhja0FN9ScehBvS+cNJTC3LE6CCKvhuGyoMFmIX0cq3z4zQM3EfEY48JQCjuM07dR1a9lEFQ5p5eMpFDjaWkgkO5J2EOOwEHXsNDsWzZw5ZgRyHQwW72kavWMCOdeRH0fzwc4NY22ppxq4di4bmJlEYBtBuDjRQeZNTLWVIxdiBuWw6NJi0zZO3gP5nzWAcwJ/8AAO0qxtGmZ7JeFHM2y6K90PA0DGsaHUtqRUkuNfV6w3oNXNqmDFzakEFqWqe1AxUQWoWrItXBYggDUcxZAYuCxBjhi4tWSGLgsQQBimlm8dvT8FyGKSA3jNQZ6wMoDFvQfgs9Ys4ytvrQefalFNalqghtSimtS1BDalFNalqCG1LVNalnMghtS1TWpaghtS1TWpagja6i4KltS1BFRZWTxi7oHxUVqyZNtLj0JBlryppvHd0/BeqvPjN4zlRiWpasixAxBBYpYLdfqXcsUkFmv1IO9q5tUti7WoILUtU9qWoILULFPalqCC1CxT2pagx7UtWRalqDHtXdjcQpbUDUHdcLlEHW0bglg3BdkQdbRuCWjcF2RBjObiekrrapyxLVMEFqWqaxc2pggtS1T2pamCJrMR6lPaNwXUMUio62jcEtG4LsiDraNwXK5RAWM9uJWSuhagx7Vzap7UtQY5YpITdfqUlq5og7IiICIiAiIgIiICIiAiIgIiICIiAiIgIiICIiAiIgIiICIiAiIgIiICIiAiIg/9k=', '5.1 surround sound, Blu-ray player', 500, 25, 1, 3, '2024-01-03 12:35:00', NULL, NULL),
('Smart Watch Fitbit', 'data:image/jpeg;base64,/9j/4AAQSkZJRgABAQAAAQABAAD/2wCEAAkGBxMSEhISEBIVFhIQFxASEhAWFRUQEBEQFRUXFxgRFRUZHSghGB4lGxUTIzEiJSkuLi4vGB8zODUtNygtMDIBCgoKDQ0OGA0PFS0dFRktMS03NS0rNy03KysrLS03LSs3LS04Ny0yLCs3KystKzcsKzcrKysrNy0rLSstKysrK//AABEIAOEA4QMBIgACEQEDEQH/xAAcAAEAAQUBAQAAAAAAAAAAAAAABQIDBAYHCAH/xABGEAACAgEBBAYGBgYIBgMAAAABAgADEQQFEiExBhMiQVFhBzJxgZGhFFKSscHwFSNigrLCM0JTcpOi0eEkJUOjw/JUY3P/xAAWAQEBAQAAAAAAAAAAAAAAAAAAAQL/xAAWEQEBAQAAAAAAAAAAAAAAAAAAARH/2gAMAwEAAhEDEQA/AO4xEQEREBERAREQEREBERAREQEREBERAREQEREBERAREQEREBERAREQEREBERAREQEREBEotuVRl2CjxJCj4mYh2zphz1FP+Kn+sDOiR/6d0v8A8mj/ABa/9ZUNtaY8tRT/AIqf6wM6JjLtCk8raz7HU/jLy2qeTA+wgwK4iICIiAiIgIiICIiAiIgIiICIiAiIgIiICIiAmqdPel66CsBcG+wEop5IvLrGHt5Dv9xk1t3bdOjr63UPurkKoHF3c8kVe8/kzzZ076QvqtRZYT65OF+rWOCp7hj35MCjbfSy25y9jtY3ixzjyA5AeQ4SxoukIJAdSM8Mjjx9k1wzZ9NoF0qGy0frAoZh31gjIQeeCM+ZxAmGAPd7+UtHA5kfOa+m12fJ8fl5CVfSj3mBOby+I+B/0nwWIOX3SG+kx9JgbBVtFl9W119jOv3TO03SnUp6mruHkbHcfBsial9Jn0amB1DZPpO1NZAv6u5e8nFNnuYDH+Wb3snp3ob8AXBHOMpZ2MHw3/VPxnnYamVLqBA9WKwIyOIPEHuIn2cG6DdL79MwRWNlJ9ahjnh41n+qfkZ3HZ+tS6tbazlXGR3EeII7iDwgZEREBERAREQEREBERAREQEREBEQYHEfS5tbrNaawexpEAx3da43ifgVH7s5HqX3mJm09KtodbZqbs/01tjD+7kkD4GalAmehezhqNdpaiMqz7zD9lAX/AJQPfLvTPVFhY39pafgWLfgJIeilgNp6fPeLgPb1TH8DI/pdRuiwfUsI+DFfxgQOibgJnrIvRGTWz2QMpsUugOWRW6tnA/qh8Hd44448faAt7sYk/twJZXpbkprqDpdW1dQITeptbDHJJZurerJJycHMr1OpFC0101UHNVFllj006l7LbEFjIWsVtxV3t0BceoSeJkGvYnyS+1dOhSm+tQgv61XqXJRLqiu8a945CsLKyFJOCWXOAJm7H2LTqdO61uRra951rYqldtfDCqTwzz7xxbjwHBbg1vM+hpJps6s1sGfcvQ3L1bHIZ6+0QMDhw7IBPE8jwxM2rY9GAbGZDu1MwNtR5uVYAhTx3d047iwGSeEbBEaPVFGBB5Gd59HO099QM9m0Zx4WqOPxUfITz6RgkHmCQccsidS9F2vwjDP9GyP7geI+Eo7VERAREQEREBERAREQEREBERATnPpC9Ij6J7KK9L1mEAa3rN0ozrkHc3TnAKnn8J0acE9Il+dZqz+3u/ZVV/CBzvW6wMigHxyPDJMwARL+oOWMoAHhAnegFwXaWjOf+pu/bRk/mmf0+0+LNWPC2xh7DZvD5GYXQdlXaGiLAEfSKAcgEdpwufnmZO2tPgamv+zbUVDy6t2QD/LA0vSnjJfTH8/n8/dIao9qSunMDY1AbRKc8atTYPYt9FZHj36Vj8+Pfh11FiFVSWYhVQeszMcBV8yxGPM45ES9s+5Po2qRmAYtpLawTgs1b2VkL4nd1Dn2KT3EyQ6PKFW25balvTFdCWXVUFGsDB9T+sZd7cQOFA/rMp4bnZyLW3iAa9OpDLpFNRcerZqHYtdYD3qXJQHwrUyHsQd/z8uefZ/v4yXfZpVSTZpsKCd0avTOSACSAq2Engp5DPAHGciZvRnaVemtJvrDVuArkqGZN08HwfA8GHsPdJbg1Zl/P5/PylsrNm1G1KzqL7BWBXaw3a+rRivbTLceTFFcgZxl8SD2gytZY1YwjMzKMAYUkkDA5CWUYc3b0ZanF5Q8nBE0lpOdDNTuams/tCaHpnZtu9VWx5lVz/eAwfmDMmRfRyzNRH1HcfHt/wA0lICIiAiIgIiICIiAiIgIiICcW9KnRi2g26oHfpucsTyat3Pqkd4zyI9/n2maT6Xz/wAubzspHzMDzZaeJlIMy9qj9Y3tmMtcDJ0WrFdldmeNTpZ9hg34TeOl1AGt16Dl1zv/AIyrdn/uTQhpgRjxm+7bvF1y2rx6zT7PaxhyF/UBWTPiAiwOXsMN7OHwkjpzy448+4ecxdp17tjDwY/PjLlfFSPEEQNp1Wx6qbHqs11AepnrcCrWth0OCARRg8RzH4CWdLo+su6ml0fOcW9qqrcVd97G6xQVVVViSRyXkezJHb+yntvbUM9NNWqXT3VPfatPXGyiqxzWvFmAZzlsYB4Z5zD0iHS3AanhVfVdWba929Govrerr62UlbApbewPqsvM4kGWuhRgx0+oS5kU2NWEtpsKKN5nr6xe3ujLEesBx3Tg72IrZwBz4YwM8eQwPfjHeDu/VJmdjdHNTp9RXdcgFWlNeqssV1s39PWd87iA9Y2+oIGVHr9rA3swGzdYamrcAE1lW3TxBxzU58eI+PHvGbBf1mgsR3rZDv1bwdR2sKoyeI5gDiD4Swdn2kbwrYghW3t07pV/VfPgefzkzt/pGNTcloqCFUNZBYtvA7wOWABxxbzHuYTDu2wSN3q03QGVQ2+cDcNQB7XIIzDHLJJ75JaIPVUshKuCGU4KngQfAy7sq3dtQ+BE+7QvNjs5GC2OGWPqqFySxJLcMkk5JJ8Zi6dsMPbNwem+h1+8HHitT+0sCD/Cs2OaL6PNTvCr9qph+8CuPkGm9ShERAREQEREBERAREQEREBNK9Lw/wCXP5WUn/Nj8Zus1D0rpnZl/wCyaT/3VH4wPOO0R+taWlEydpr+tPnLKiBdrE33Zp39lKO/T3t8Gyf/ACCaJWJunQ+3e02spPeEsUeJH/qsDn/SWrFr+e635+EwtK3CbB0s0vaRvrAj3iazp2wcQJzWm4pp7LSSjVmuhiQcU0uydWMct1s8D9YHvEm+j9iGrS9aAUo2lowS3qinUKzWrx7v+FUkeZ8ZDbO2ruIarakuoZus6py6MlmADZVYhDISAoPMEKMg4GKtpbUFqLTXSlNCMzipS9hexgFNlljkl2wMDkAOAHE5D7ffdXqHd2K6qu2wvaDixdQrEM2fHeBmd0iCrqbNxd1XFFwQcAhvoruKAdwBsIA7gAOHDGP+nd7DX6bT32qFAutF4dwvAdaK7VW3AAGWUkgcSZh6zWvdY9trbz2MWdsAZJ8hwAxgYHAAADlIJ2jo/cQjZTddS6tl2yoQOMKqk5K8gBnh3Y7OO+z8BGNibrEAnFnYBNqgkFOOepsGBx4AEDIxhVbVtUKosO6uAFOGXCmwgEEHI/XXc/rmff0nb2AGx1bK6BURN11LMpG6O4u5A5DePjxgydqbLelVZmUhmur7JLbrVOyHOR3lWx4gHvEh1PGZep2hY43XclQSwXgFBPeAOA5n4nxycFm4ywdx9GOp7Om48mZT70IHzInVJw30a6rAoXPO6j5uoM7lKEREBERAREQEREBERAREQE170g07+ztWPCve+wwb+WbDMHbmm63Taiv+0quT3shH4wPLG017SnxA+6WVEkNoJlK28Mg/GYOIFxBJno5requBPqsCjew8vmBIdZerMCV6QorKyZ5HKH7poWsTdbPxHnNt1YLLz4iQOqo3uDZDDk3P3Ed4gR9epl4aiUHZdncN4eK8flz+Up/Rtn1X+w0C99Ij6RLP6Os+q/2Gn39G2fUf7DQLv0mfPpMpGyrfqN7xj759GyLfq/5kH80D4dVKDqZfGxX7yo9rZ/hBklsToo99q11hrbDyqrHd4s59UeJOB5iBvHocVr9VSoHYqJtY+Ar4g/a6sfvT0LNS9HnQ5dnUkNum+wL1hX1EUZxUnkMkk95Psm2wEREBERAREQEREBERAREQEREDzd6QK0p3akQD6O1te8ObFbACT45LN8ppZ1hm7+ldf1148LrvnYpnPOrgSFF7OcAhcd/P3TJZGCluuHZBPq88d3KYmyX3d7IB5cDkDj38PYJI2ahSrZWvG62fWzjHcYGMm1fHEz2rYPWl9D19YFcGxHqPVNwFqhh2l4HiOeDNfOmOOU3TX7Q+kVbKZjl69O2mfvP/AA1rKM+1Ch/egQ+1KVqbC5IyQCTzA78f7zC+lHw+cv7Zu3rCO5eHv75gQMj6UfCfPpR8BLEQL/0k+UpOob8iWp8zAktiaSzU6ijTpxa6xEHkCe0x8goYnyBnqfZWyaNMm5pqkrXvCKF3j4sebHzM496Bdgb9t2ucdmkdRSfG1gC7D2KVH75nboCIiAiIgIiICIiAiIgIiICIiAiIgedfS+uNRqR/9oP2txppWmpBUcJ0L05abd1fHgLuotB7iAOrb4FR8RNJNO4cQMZ9Hnip3TyPDIP5zCbOBzvsTkEDHZw3c3njw75lnkcc8HA8TjgJF/Sb+W632P8AaBL00AADwl6nSqjG4Hgivle7ebd7Q8yFwfYJH7Oe0n9YDjxOBiZm1bd2oL32HP7o/wB4EM7ZJJ5njPkpzGYFUZlOYzA+y7pdO9jpXWpayxlRFHNnYgKPiRLOZ1X0FdGOtufX2r2KM10Z5NeR27B/dU49rHvWB1zopsNNDpKdMnHql7bct+1u07+9ix+Ul4iAiIgIiICIiAiIgIiICIiAiIgIiIGDtXY+n1ShdTTXaqnKh1D7pPDKk8vdOB9P9hfRdXbWowmd+r/8m4ge7iv7s9FTR/SrsDr9OL0GX02S3i1J9b7JwfZvQOESzqdSKwCf62eA8pmXVbp8paZc84GHVtTeZVVSSxCjj3kyja1+9YceqnZHsHf8czOa7q0d8YPqIcYBYjiw8gPnIImBVmMynM+ZgV5nzMpzPtaliFUFmYhVUAszMTgKoHEknugSXR/Y9ut1FWmoHbtON7mtaD1rG8lGT58BzM9V7C2TXpNPVpqRiulQq+JPMu3iSSST4kzUvRT0G/R1BtvA+magDrOR6mvmKFPzYjmfEATfICIiAiIgIiICIiAiIgIiICIiAiIgIiICfGAIweIPAjuIn2IHFennQ46Z2srUnTOcqw49ST/028B4H3c+el2aVEBaxsKOJPKenWUEEEZB4EHiCPCRzdH9IeJ0mnJ8eprz/DA8mbU2kLW4EBF4IueQ8faZjVAtwQFv7oLfdPYdWzKV9WmseytR9wmUqgcgB7OEDyHp9gauz+j0mpbP1dPcR/DJXTejzatnq6G39411fxsJ6oiB5x0Xoc2o+N9aKh37928R7q1b751LoD6MtPs4i6xuv1XHFxXdSoHmKkycHHDeJyePIEib5EBERAREQEREBERAREQEREBERAREQEREBERAREQEREBERAREQEREBERAREQEREBERAREQEREBERAREQEREBERAREQEREBERAREQEREBERAREQEREBERAREQEREBERAREQEREBERAREQEREBERAREQEREBERAREQEREBERAREQERED//Z', 'Fitness tracking, Heart rate monitor', 120, 60, 1, 3, '2024-01-03 12:40:00', NULL, NULL),
('Portable Bluetooth Speaker', 'data:image/jpeg;base64,/9j/4AAQSkZJRgABAQAAAQABAAD/2wCEAAoGBxQTExYTExMYFhYZGRYaGRoZGhoaHxsZGRYaGhkYGRodHysiGhwoHRkaIzQjKCwuNjExGyE3PDcwOyswMS4BCwsLDw4PHRERHTIpIikwMDAzLjMwMDI6MDAwMDAwMDIwMDswOTA7MDIwMDAwMDYzMDM5MDAwMDAyLjAwMDAwOf/AABEIAOEA4QMBIgACEQEDEQH/xAAcAAABBQEBAQAAAAAAAAAAAAAAAQIDBAUGBwj/xABFEAABAwIDBAcFBQYFAwUBAAABAAIRAyESMUEEUWFxBQYiMoGRoRNCUrHBBzNikvAUI3Ki0eGCssLS8UNzkyQ0Y7PiFv/EABgBAQEBAQEAAAAAAAAAAAAAAAADAQIE/8QALxEAAgIAAwUHBAIDAAAAAAAAAAECEQMhURIxMnGRE0FhgaGxwQQUM+Ej8SJC8P/aAAwDAQACEQMRAD8A9mQhCAEIQgBCEIAQhCAEIQgBCEIAQhCAE3fdOTXCbIBQUqExjgQCMjcIB6EIQAhCEAIQhACEIQAhCEAIQhACEIQAhCEAIQhACEIQAhNc2RCj2acDcWcCUBMkJVLb9vFMtlj3BzmtljS6MRgEgXgHMjIGcpIds20l7niAWNIAcDm6+JpHAYb7yRpfaMssFtwZNgbaGYueUepUir4sIjCe8AIl1ic+H0Tq9XCJiQInKwm7jJyAv4LDR9ObzGZiN2k8U9MY4EAjI3UL3taWtvOQaNAdSBkLZnlmUMLCVZ9Danue2WYWuYTDiMTTaJE8SDE3G65qbd0q9m0NpgHCSxpljo7UlxD5AgDDvvay1JsxySNpCzqvSzMMsOIkhrQJGIluIQSLtMjtC181caO0TLsojTfItc3jPRKa3m2mOqPiM7mLAnzjIcVImg+icsNBCEIAQhCAEIQgBCEIAQhCAEIQgBCEIAQhCAFCXz3YMEA3iN+huBp8k6oyQRe4i1j4HRISGNkmGtFyTkALkk8NUAVWkxDo32BnzyWJsdV1KvWZIdjd7WJuJ7JgcGimdM9TM67KgAhoc7tROcT2pJOl/kszpTYy57NoYML2tLQHOwhweWlzHCNcDL3IiwzDu46M5lqi7snSTHktL2Ywe7MEAk4ZBvMBS7QZcwBxFy60XAGR4SQstz6NaGva0uae4/DiacvnNx4JzdgggtLwRkcRcW2iAXTANrZLdhHO0zbWXQIxl7hEANl4GLF2iLjg42GhyCjrUnu7z3ZQACPzWAvnnKobZ0US/wBpSeWvwFlySM5DiJznPeJG4jY4erMlPwLnS22BtWi8PdBxtwAETLQ4PdacAwgHnrkq9N5qVG1KrgGkdhgN7HWMjJBgSchNipW0S4EPa0GBdt8Vok2Ef01SVujQ/vE77SL75CpGMUicpSbHt6PbSqNqMpksDYIbmDJ7UOMmA51hfnkp6vSmIubRY59SNWloA0kuw2mfXPXN2TYqtGoTTdNNxlzR2iSB3WzZoOcjXhEXKG3tZUeHS1rwwh5EYXnsYO0LmQ2M5LslxKPfvO4y8jV2QPDGioQXwMRFhOsJuzUfZgNaAKYADReQZM56ZJjWVBTgPxPAs5wEm2oECcwpCzGyHgiQJAcRB1Ac2DnqFIqWEIQsNBCEIAQhCAEIQgBCFy/TP2hbDs9Q0nVS+qDBbTaXQdxdZgPAuQWdQhec9I/avh+62N8b6jw2PBgcD+ZYO2fabt1ScBp0hpgZJ83lwPkgPZFT23pahR++rU6f8b2t+ZXhm29YNqrfebTVdwxua38jYb6KgxkID23/APvNgx4P2gTvwVMP58OH1WtsvSNKq3FSqMqi3cc13yK8AATmSCHAwRkRYjkUB9EKn0izFTcJDQYkmQMM9qS0gi06jjaV490d1s22j3NoeRuqEVBy7ckDkQug2P7TKwEV9np1AbHCSy2sg4gfRAei/tDQGknDJAAdYkkwBCTs2PeDnAiBiAIbY8B2c95C5Kj142Ks1ragqUcLmESyYwuDgA5kkC3BdN0f0vQrWpVqb+DXNkc25hbkYS7XTZAxWlwyiXSe6d41I3BQVtjbTDngOIAnCHEC2ZuQN5VkwwYnuEA5u0kwIJymQkqUS8AVIiQS0Sbh0t7VtQDkibRjSZU2Zj3tDsNnNLhJcyDAAYQRiiZOIieGinds05HwcPkbecFP2nbMBu3s4SQ6bSJJDjk0QBcnVSbLSDGho05XJuSYtJN1u0zNlFEPAdhd2TnB1G8HUfqynFIApOkaTMAYWEhxIGFuLC4ycR3CdeKztlNdjwwkFgbJLg4SMTgXAnux2ZbJ9bd7VmNUaJGeSh2mnIiAd4Oo1B5hU2dIh7jhcCC7CDpiAmJBzIv/AGIm8XEEDDMgmRpEZ8e0utxxdlE7c+i0YYLRhGF7oIAkRJymLG/EDNav7WHMJa4jTKSDujUzbwKz69RpBIAcQQHC2RiQZ3Z33KrsPsabw959i4hhlxa3FiAY1hce/wC6AOAWSinmIyadGzsVV+CaowEE3LgZGhMAAG+XzVxVdqc2mxzsBdcEtY3E52Qy1gR4BW1JlkCEIWGghCEAIQhAYHXfbn0tjqGm7C92FgcM243BrnA6ENLiOIC8NZ0xUP3WGnTvgZhBLm/E8nfnbevavtHZOxO4OZ6mPqvCNhH7tu4gczbdoFeM3CCcXTbefI80sKOJiNTVpJUuZp0OlyM6beJpksk8GXDvEq2zb9nfZ4g5n2jMJHN9PsjxWQB/zu4AIA4cY0Gsu4p27fGk/KvUfbpcDa87XQ3mdH0njExxAOrS2o30g/NMPQ7/AHHMfwnC78roWKGiQ64OWIWceThdoVul0hVbk+RueA9o8e84/wCJP4Zar1H88dH6MsV9lezvsc3mCPXVMaFa2Xp+oy2Ajgx3zpv7LfEqy3pSg/7xrObmmkZ/jHYd4Ap2F8Mk/OvQfcVxxa8rXVGTtYqQPZxxynwmyoP2us3vFw5tA+i6z9houEte9nMCo3wLIPogdE1DZhZV4McJ8Wug+i4lhTjvTRSGLCfDJPzOSHTzmmDD99hI8iPkVbodN0n95hHK/jBghaO2dEMmKtHCeLS3/lU3dAs/6bsPAgH5QplTX6N611qf3O1vbua50jwbUlq6TYvtD2pse0ZTqjeJYT4iW/yrzWt1frN7jiRwcD6Ov5KuTUo97G08A5s+CA9t2X7RtmeMNajUpznYVG+naP5Vt7L1n2SoJp12OIBOGYeYEwGGHE8IXz1R6w1AYdcfiafWw+ZV+n0yx3ep+LTPoYQH0VSfiAMESAYNiJGRGhUNDtdo4vfbBNomMhytN7leGdHdYnUo9htNSl+HE5rfynslb/Rv2hbZSABNOs38TYJkz3mECeJBWg7w7BHtHOBaGvwkAE4mANDKkloOINzcJ7sYrKShtZa12KHYLWu4gmGyBcAm2Wi5dn2n03hra2zvpjEMZY5tQYRJ1AOcWjKVoUutWyVXNe3aGl+It7X7slhvDg8NyO6cs8lSMryZKUazRsbbsuOlhaBiDezNhO4wMjyWHtVc7QfYPDcbA0H2hAEB7HXBBEkiLyDAGq6HY3tqOwkyImxIme7cZ2nLdwVPpjZmU3sqOa12F0mQCSwsdAJjMOY2/wCEb1RPOu8m1lfcSM2baWPaGF2B73VHuLmOLCTJpku/6cEBoYJEG+RNittzjW9hTqD2gYKhBZbDii/aBvDhbIxO46FDa2vMNMkAEiDbEARO4wQY4qbAJmL3E8DE/IeSheqLVoyr0btvtGzhLXCQ4H4mktcAdQHAiVcUNHZ2snC0CS4mLXc4uceZcSTvJUy5Z0hUIQhoIQhAc71/bOxVP4qP/wBzB9V4JsX3bf4Rfw7oXv8A13E7HU50j5VWFeAbL3QN0+AnNUfAub9iUfyPkvkmHy8m23b04Dh4eGbtU1vDiQPqU8X4/XidQFMqO479dTfQ6BKPlwsODRqeITQdd+u/OzeCePl5DgBqUAoH/E+r3fQpwN/rF8/dHujjkkH6BOXFx15FDc9fqb6fCOKAdSpgGW9kzJLCW/nc0guPJWGbbVEDGHjMCo0OJHANiB+Iyq820sd1h/CNTxSt3eJE3yzeRkP4VSOLOO5tf9oSngYc+KKfj3mvs3WKo0Q4ODdcLhUYBxFSB4NlWGdKUHwHMpgnKMVF3g02d5LDByM7oMT+QZf4vNLi0PiCfV7voLLvtlLiin6Evt3Hgk14PNep0LtkpHu1Hs4VG4h+ZmQ5hMd0bUIODDVGvs3B3m3P0WDRbhjAXM3YJaOTaYsf8SsN2yo25cx+ETLwGxGpqNgDwaYSsGW5uPPMXjw3pPk6fTcO2ro2nMPpYTyLD5WWdtHQbSDheRwcJ9RC3afWB4EPFTDxAqNPANcMZy0bysns2qhVOHCzFqKbjTcN37t0/Rb9u3wtPk/g37qK401zWXVHGVug6zcnYhwI+REqP2VRmjwd8ELtavRzD3ahbwqN+b2SFWq9G1QJa3GN7CHj0v6KMoSi6kqLRxISVpprwOYpbXWygu4EfVaDgp6pIMGQdxsoXlcnYuybXUonFSqPpnexzm/5StZ3XbbHNLKtQVWkARUY0mAZiWgE+MrDco3LU2s0Y0nvPR+h/tbaxrWV9lIAAGKk4Gd5wOwxv7xXQUPtD2OthNPaWUyJxMrtdTBmI/eEYRFzaZ4ZrxRyYUsUfRuwbY6o7sllSkWkipTc3DMiGgBxJtrlbjA0V8w0KzqbsVN7mO+Jji0+bSCtjZftN6QoENbtBq/gqNbUB5ujH/MjNR9DoXBdRPtEO1Yae1URQqGzXNJLHHdBvTJ0BJHHILvVgBCEIDD6332Sr/CD5Pafovn+kMxue7zDj4iF9Bda/wD2tf8A7bj5CV89z2qg3VKo5DG75qn+nn8El+R8l8kw8/qfnCdO/wAeJ+EawmA/rcN3MpQfD6D+pUypKD/cj5N/unA+Efy+Gp5KIHwt5C3rzTgfDWDpn2iN6AlH6n5uOvIoGZ4+BPP4WpoP6PzcfoUoOf8AwTnn8LfRAOcePiBwyYP9QT223WvwFs3H3jyTJk/UfJkZD8QTp5W4SByA7zuIQDwecm/4jxt3G8kaaWyIFgSfdGp45FNLs/EmT/M8/wBPEJQb8fUiPdGTG8cigHAwSI579/bdoL93yTnHI+RieEsb/qPiozlpn4A7gPfdOnkntdnnvN4PNzvdH6KAe05+t76GHuyGc4R4JzsLmw5oIOhAIM7mnPm6xUbdBpk20DWzGa8/EJ05+snfbtP8chyKAewFs4HvZGcOkADOcUsbyAka71KzaqguQx24w6m7SYIkm/4RppdV5y3+7a+6WU9O93nZayE7FE/zdqIzP7yr7ouOy3Li1Wjj4kVSeWjzR55fTYUnbWeqyZcd0lPZeHiNHtFYeOGXDxIUX7PSqzha1280nwZ3YHSB5qEGIGQyHZIG7sUhc69p2UzdqHsa67wCW5k4SWWk4n92mQNBMTuK67WEuKK8sjjsMSPBN8nmRbR0aBk/D/3Glv8AOJafNVKuw1AJwyN7YcPRagc5sYKjhwcS4G9+/icY3CN2RBSYnTDqTHE608VN5zuWicIt7zheRnEtnClwuua+R2mPDiinyfx+zAcVDXrtaJcYXQ1RTeJLnNETNRge0CM8bez5uWVs3U576oD6gqB12EZO1jnC5ngSirVNap2dw+phJ07T0arp3GPS9rtDsNJpA3rs+rXUsNhzxJ3lb3Q3QVOg0SAITemusTKTSAQFE9BNtjaVFkWXafZ70/8AtezmTL6TzTcd8AOa78rgJ3grwfpXp+pXcWsmN69Q+wLZSyjtLiZxVKY8WsJPo4ID05CEIDP6T2cVKb6ZyexzTyc0j6r536Y2R1DaKlN4gl7nAcS44h4OnLhvX0oWyuK6/dSWbSPaNAx5lpOHFAgFrh3XgWnIix0IpFprZbolNNNSSvwPGmu/W87+QUgdu4xz3lXukerVSicJc5hyw1m4fAVW9g+CobRs1Wn95TcBvHabH8TZjxR4Ukrq1qsxHGg3V09Hl7jwf7f1KcD/AG4m9zw5KuyqDeZ5c7AcFLPjOfHgNCFMqSg+P14k6BOGuv1z8m8Qo58frwG4JwOf68BuHEICRpz47teDf6hOLv0LgXybvPHNRtP9Lf5W/wBUA39LXjg3efVAPHyvwH4idXckee+5gkb3Ed1vLxQDHhHGP9zvVLP9b/5nHfy8QgHMdl5CABP4WA5Dn4Jw8LHiQCLZ5ud8tVGR6+Z56Nbw15p7H5eh5aMGnM3HFASC85zr8Wh7RyYPwjPTclByjwi/A4Abf4j4qMeET/hBPD33GeR4FSYs+OcmPF7tBw8CgFBzP5u0QLTHtKmdoAwiYyMhPaMuHdtEAfAz3cj2jccQmN0H5bRlH3bNI3nLiEoP9D/+iLuOsDwtZAPGvreMr9t+esw3LiCQljIC0d0QBhiO5TyED3nZfwlIPUC2/fyYPXUahIHDSIPODy1fvnK8i0hAODszxv2rDP7yodYgYG5TF2kEKbiIzuAWkTNpNPMjTtnSDeCk1GhbylttPdZY8c9xTcNshBNwZgkwJf71UxaMtD7pQD3VDJdnqZIPIuf3aTREw0EnPMOBfQrBhBmGOcAbkdous9pcZnEW5AC4InsqDHJykjtQYkXs6O7TbaRN7fECCzaZwPg95sTMEneXm7s7NbAvHdd2aYU3Gaa/vwJY2HGcGn/T1LXWnrS5nZPfgTGp+LxXG1KlSu6XEwug63dHNdUFYnKGRvkF0/resxohMaKjiNLubMwJueFGT3tINnohogL2j7F9mw7C53x1qjvANYz5sK8bavd/sy2fB0bs43h7/wA9R7x6EKZY6ZCEIBFQri55q+q1Zt0BRrbO1wIc0EHMESPIrB23qVszr0g6i7/4jA/8Zlp8l05YotoOESGlx0A/VguoyadrecyipKnmjzTpj7PKklwZTrfiZ+6qf7XnmQuU2/q++kYLnUzlhrNweAqDsuPKV7vhUVbZ2uBDmgg5giR5FU7W+JJ+/Uj2FcLa9V0PANoo1ad6lNzR8Q7TQODmzHMwmMrAix8vkI15L1jp3qrs7A99Jr6MNL8VNwDZ1bgMtnXJcz0v1MfiJ9mytHvMmlUym8Wd4kBbsRkrTrnn6mbeJDiSfLJ9P2ci1/6/0jefVKx39N8WyG93rdWtq6EczJ7mHRtZuHyqAYXeqqV6FWn36bmjRw7bQN8if5lxLBkldWtVmdxx4N03T0eRIHfrOP8Ac71ulD/Qze8WzJ1d6quysDcEcLyBPzcdx8Cng+EX1McTvdwzUyxOD/UyfV/9MjwS+cm24kD1a313Sof+b6fidvP6KkadPG+vF24bm+SAka6b8IEC8bmA2APxZHgntOlrcyAcp/E75cVDi1z1vYkf6W/op7Tl6RbLRg0HHPmEBK3Xfre+/wDeOHd71mjLSRZOByjwi3kPdF8/EblEHa6ZC1hmeyB33ZfTUJ5OfrNxJ+KO8fwj0KAXEI0ImdS3V1gL1XWB9RcEJ0m+cxe8Oj8bxakLkw2+o1CbiM6yc/ignypsOHS54OzGnI24QJE5y0ZvdN8R1EiDIIDp8vd7Ns/+nT960nGbDMdkmDFc6Rnewm0OflMWwNykDIgpAf73z3YnDLfDeepCQ8Mx3YA7NoGBp7LLE3M2MZGwCm4AjXEAQfBxZmTImXXkbxcYCSNZfTBNie+JLn5CZgMYNZ7pOGNx5R/iInujFfHVfw4RmATNsl6jARfHrcgBrnSY7LJ0AuQZ+ICmFHanFeK9yWO6w5PRP2GdZndkcajj+VoasQLU6zO+6H/dd+apb5LJBTFltTk/FjAjWHFaJexKCvovqvs/s9k2anq2jSB5im2fVfOdOmXkMGbiGjm4wPUr6cptAAAyFvJTKj0IQgEUdRqkSEICEtTS1TFqQtQEBYmFil2jZw8QSRcGxjIzpooP2AB7XtOEicVgS8EZOcb5gHwWmFDp6PZFpEh5DZ3TmT4A+g1VbYSQ3C6zgSDrl/aFuOoiQ6LgEA8DE/ILL6S2MtJrU5cSRiaBMxYm2RAGZ3KkJLhJzi95UdsrdWAiSY0cDMtIPM2ym6zKnVHZqpJpYqLr/dy0AzrTdLJ8Fq7Htrag7TSyRN8iODk+pQBFjeBmc45Xtw3rt2nayZxSks81ozh+l+oNSS4Mp1/xM/dVPnDj4hcrt3QL6RgvdTOja7cN+FQdl3qvY9ja5rYDTBcS6IBuLEZA6XG7ykrhjm4Im0YXCSbfi7x80c23/kk/fqcrCS4W1yzXqeGVqFWnd9NwAviHbb/ES288wE2nWDhYg+Ijm6LTwy5L1/a+pGzuE08VF2+mYE6k0zLPRcv031Ee3tObSq3s4H2VTlnDj4hc7OHLc2uefqdbeLHek+WT6fs41rv6+necfK2fMJ4d6+Z3Sfdbc28tysbZ0G6mcOMsdmGVmxJ4VBZ3DOFU2jZ6rO/SdHxDtt5uw/IgDkslgyStK1qszqOPBum6ejyJA6/PdmRuGjWmM9eBTmu3aZRfmGznuLj4wVVZWa4ZgjWT6u3DgeR3qXFv3a2ka/wt5+M5qRYlBtpE3zLZsO0Teo7P0BvBT8evnP1Ogyt9VBi/sY4QcDfdF7uPjaCnYv0L34TmdJPjoUBNO7P1g6j4RxN/EQW4xvETY6E59kZvMXnLXKQInOsct15LZyGLWo6fd32zAJUk3zk53gxoXOH3bbEwL2nOQQJC/M+HLSCcgfwjgNxVjowD2rBoA90ZDcTGckuPaN897lRnKMh3YAsAIApsNgL951r/AAm1vorvVHCOzTeLScyJ7R75llzpEZgk+j6b8q69DzfWfhktcupQ6yu/eUxupU55nET81mAq91of/wCpqD4cDfJjUnV/ol+01hSbYWL3ROBk3PE5wNTwBIg956FuOi+y/q07atqZVI/c0Xte92he2HMpjeZhx3Nz7wn3UFZnV3YKNDZ6dLZ2xTaLbyT3nOOriZJO9aQKw0dKEiEA5CEIBEIQgETajJBG8EeaekQGQBRwNpvJPs3iMZJJewy0iO8ZNh4RaElTYj2jVc51KHHCZJJc8uuGiwaIAiTvyvsJHDcurOaOcfsZpuxkEk4Tia0iSZsGEnCIz8ZMBWKO0tM8zItIjO2a1X0DIcCLTNsyYk57gRHFQ12UmltMtE1C6BGZDS4knS034rtTvec7FFdoCbUvbRO2jY8HaD3YRnLja/eBm4vkdNbKo2lW0eyoLXBgmcxAsOcrY0+8xtoQVGNJAIBMTBgzYCY8B5JxfeAMTr8Tynx1KhqFrsTapaGDs4jMYyB2ZzyJHORwN7Z9kpjC0QYhzb3IgXzl0WueC2VIRVmfXpNeCHUHOaZB7LSLWNpnNYFXq1sznE03mk02mmYwOnuuYZadLwDxuF3GHtHdAORzyzyyiyqVujRic9rW4n2fIs5th2t7gAY0uVyp073CWHap5rxPPOm+olUdr2dPaBObJp1Bx3O8wuY27oR1IxidSdPdrtIk6AVBY+q9ioYmlrajiGjsBr8JxEElhBF5wxMk5c5tO2NrmYH9sRBxAGeYiF28RviSfv1JLAS4G1y3dGeEV9mq05x0zh+JvaBzu5wuG8I9DCjZWByMjnFhv+Fv6yXrm39RdndJpY6Dt9IwP/GZb6LmOmOoe0CTgpbSN4/dVbZXycfELnZw5bm1zzXU62saG9J8sn0/Zxoflv0gaC3YabNF+8eWRBCg5c7ZkT43e6dTu3i9jbeivZHC51Si4x2doaQDuHtB2SL5SVWrbNVZd1MkfE3tNIjhcN5hY8GSVpWtVmbH6iDdPJ6PIHH1zvnzOuthb1C0OhW/ecfYs/mIy0736hYzdraTDXSTYBve5ADuj1PMX3+haHs/ZsqDt1KmPA3MNaOy0DeSG+JO5UwE03LuSfVon9U01GHe2svBOzn6+zVNp2ypTpNxPdVeBuAa6C5x0aALn6kBeqdX+gmbLSFNlzm90Xe7UncNANAo+p/VgbKxznwa9Ql1RwyEmfZtPwic9TfcBvezXmPWXOrtUguZp3hzyP08ltArI6Hpw8/wn5ha6AdKE1CAnQhCAEiVCARCVIgEQlQgEQhQbT7SW4A0iRixEiGyJIjMxPjHMAQVdlfUxNe5uDE0tAmS0XIfO888p4I6Q2YnC5nZcHASAJwnskGxkXB4QrpcJA1Mx4KHA/2k4hgwxhi+KcyZyjSP76mc0ZtPZajMTDTFRrxikQO3BxAzFrWIjPRXNgoANDsWKwi8gWEwZM3m8lXVXew42gS1oByiDwI0W7TYqh5aoww6mbnSLaBT6x+v1ZNp0oAEkwIk3J4k71ydGP0r0SajsbCA+AATpBJB1Gp5cVJTNRha2qcWKe0AAGm0NNrzvtcZCQFqFqjbQGHAZcIg4ryIi+9dbVqmc7NO0VqFAtaA5xeRm4gAnwFk4tUfR2z1Wj95V9oIAHYwns2JN7zE+JzEK0WLHvNRT2jZWPBa5ocDo4Aj1XObf1A2Z0uo46Dt9J0NneaZlh8l1pYmli1SadoyUVJU80ed1uou1gnBtdOPiNHteMPAJ8AtHq71NZszjVe91asbGo+LDcxos0eZ0mF2ZYonU11PFnJU22cYeDhwdxST8EUPZpRTVz2SDTUyonRje0eX1WhCg2Cnd3h9VbwoCNCkwoQD0IQgBCEIAQhCARCEIBJSNdwj9Z8k5EaoCv8As81faSbNLQLRcgk5TNhrqVOlSLbFDHYpERhvimZytHiotool8scAabmuDrkG8QBGkTqrCZVqholxDRa5IAuYFzxIQwZU7IBxYWiJESIyAykZi/BPxjFh1icxlMZZp6b7MTigTETrG6UNGvfEWJkxYZWJk7hb1CfCchYBhakwKRLCAhLEhYpoRhQFcsSFinLUhagK5YmlisFqQtQCbK3PwVhNptgJyAEIQgBCEIAQhCAEIQgBIlQgEQlQgEQlTCMrm3rY2Pz8EAjqYJBOYmLnURlrZRHY2y4xd0TN+6ZETMXVlC0UIgJULACEIQAhKhAIhKhAIiEJUA2EAJUqARCVCARCVCARCEIAQhCAEIQgBCEIAQhCAEIQgBCEIAQlQgBCEIAQhCAEIQgBCEIBAlQhACEIQAhCEB//2Q==', 'Waterproof, 10 hours battery life', 50, 70, 1, 3, '2024-01-03 12:45:00', NULL, NULL),
('4K Action Camera GoPro', 'data:image/jpeg;base64,/9j/4AAQSkZJRgABAQAAAQABAAD/2wCEAAoHCBISFRgVFRUZGBgSGhgZGBgcGhwSGhoYGRgZGRoaGBgcIS4lHB4rHxoZJjgmKy8xNTc1GiQ7QDs0Py40NTEBDAwMEA8PGBIRGDEhIyExPzExMTE0MTE0ODQ0NjYxMTQ1Pz8xMTYxND8xPTUxMT80Pzc0ND8/Pz8zNjExPz9AMf/AABEIAOEA4QMBIgACEQEDEQH/xAAcAAEAAQUBAQAAAAAAAAAAAAAABQEDBAYHAgj/xABNEAACAQICBAkHBwkHAwUAAAABAgADEQQSBSExUQYHE0FhcYGRoRQiMlJystFCVJKTscHSFSMzNFNic4LwFhc1o7Ph8UODoiQlwsPi/8QAGAEBAQEBAQAAAAAAAAAAAAAAAAECBAP/xAAaEQEBAQEAAwAAAAAAAAAAAAAAARECMUFh/9oADAMBAAIRAxEAPwDs0REBERAREQEREBERAREQEREBERAREQEREBERAREQEREBERAREQEREBERAREQETFx2Np0EL1GCKu0n7ANpPQJz/S3GYVJFCiLDY9Qk3/kUi30oHRK9ZUUs7BVUXLEhQBvJOyRJ4WaOvbyqiLb3AnLNL8OcViqTUXyBXy3yIVPmsGFiWPOBNWYKTc38PhA76OFejvndD6xfjPf9qNH/O6H1qfGfPvJp+93j4ShppvbvHwjB9CDhNgPneH+tT8UHhLgPndDsqofsM+eTRp/vd4+Eu0sqbL+B+6XB27SfDvR9FWYVeUYA2VAxBNtQz2yjrvNS/viT5svZVJ/+uc9rAOLEnst8JHnRNP13/8AH4SYOqDjjp/Nh9b/APiehxw0vm4+uH4JyuhoMVL5GdrbbAEDrNrCZH9ln3v3p8YwdO/vhofN/wDNH4JX++Ch83/zR+Ccv/svU3t3p8Y/stU3t3p8YHUP74KH7D/NH4JQ8cNH5uPrh+Ccw/su+896fij+y77z3p+KB09eN+kTbycfXD8E6Tg8QKtNKgBAqKrAHaAwBF+nXPmgcGKm896fGdQwPDrFU1RPJkZaaKmqpYnKAL89tmyxgdPiavoThlh8Swptmo1DsV9QY7lbn7bE802iAiIgIiICIiAiIgJSVkdp6sUw1ZhtFN7dZUgeJgcq4a6fOKqmzfm6ZIQc1htc9J29VppScpXJyDKg+Udp6hLum6hCN0kDx1yVwaBKaKNw/wB4vxrmc7dRP5IqftfCV/JFT9qe6TN5S8Mob8kVP2p7hK/kh/2p7hJi8peBD/kip+1PcJQ6If8AanukwTPDGBEHQ789QzIwvB6mxu7FlGsi5F+i/NMl2ma7WpvbmQ+60CFx2mTfJRsiJqGUAX6tw6phpjqh/wCo/wBNvjMJFvYTKRBugZiYpz8t/pt8ZeSoT8up9Y/4phqQOaZCONn2C9uvd3wMtLH5b/WP+KXkpr6z/WP+KY6X3Hw+Myabj+tR7oFzkV9Z/rH/ABT0uGHM7g/xGbwYkeEuIQZdIECyhJIpVNeYEo4Fr22gjmYXBI2MNeq2rpfAPTzYhGo1TerQ5zrLIDbWecg6r9I6ZzjEDzUbnWolu26HwYyV4FYkppBRzOzKenNTze9aB2OIiAiIgIiICIiAkRwp/VK/sH7pLyJ4Ufqlb2DA+fNOegesSbT0F6hIXTnoHrH3yaT0V6hAE2ngOD/wfhPOI9E9Te4xmdlG4QMTMP6BgsP6BmPwhuKDZWyEsgzXy2BdQSSNYGvXNUwFasK4RXLlSwWzF1YhWsQDtEDcC4/oH4Tyzf1YymiyWooz62I86413zG95kZRddXy094QMBjrmfU/R1PYPutI483ZJGr+iqewfdaBqNHaOqZV5i0NsyHewJ9UE9v8AVoFCwFySbA21bWb1QftP2WMuUiTtNhzKvmgdo1n7OiYmIazBeamAO06yT4eMo+IygHnYm26w2k+Eut8yRs+EwtFhsIO8Eg94mRXwBQZkYuo12+Wo3qR6XVt69k13B4yotiQbdK2GvZs2Xmx4bHCwIOphcfYR3yvbObMsWqdT7tmwg7CJk59UwnYB2A2XBHQH5vpA9lpdV9Ujnsy4v1j5ifxKfviZ/BT/ABBP4i+4sjWbzE/iJ7wkjwU/xFP4i/6ayI7ZERAREQEREBERASJ4Ufqlb2DJaRHCn9UrewfugfP2nPQPtCTS+ivUJC6b9D+YSaX0V6hAtYj0T1N7jTKr4hEUF2VQdQLELc7heYmK9E9Te48ppFWWpSqcmzqgcMqgOwLhQDlPNqI7YHjSGIYZStamiuBlLMLE5kOb94Zb7Dz9Ila6VFIfOFQZCxLKBbLZteXZci+/tAEdSwz01UtRZ70Hp5VAcq7VGcBgdgswFxutL9XButNPMzFPJiwDZy4pjzwEOq48YF/D4vKpepVTKbKjB7g5c1yTzMbjV0TLpVFfIysGUuliDcGzgbZEvQZgz8nUUGsXVVVc4U0whYo1wdYOrbrvM/RxfKmcENnG0BWy5/NLKuoNbaIGMebskjW/RVPYPutI633SRrfoqnsH3WgajROsS9V9E+yT3a/umPR2iZh37ogwcZqdv3srDqygfcZiYk3A3C4PQCbg995I1aOYAD0kvk/eT1esfDeZhWv1jm2EdcVrzF6rpUumUi1zc7N4OruEz8LiCFUHaLk9ZOzutIhUA1geAHiJeolicq6z4Abzujast9p3D1blj0ovaCWPgRMxH1SJomwAGsDYfWJ2t8O3mtM3PqlZt26z0e6p/ET3pM8FR/7intr/AKazX8M9wntp702Lgp/iCfxF/wBMSI7TERAREQEREBERASI4Vfqlf2D9okvIfhX+qVvYP2iB8/6b9A+0JNL6K9QkLpr0f5hJtfRXqECxifRPU/uPLmLogqAoVS7KuYIpIvtI6emeMSPNPUw7SjKPEgdsx9IVS+pSrIU1qwVhmAYg2YXvfL0auuBdw2DyOVY5wVuMy7POIsL3l9KSZyMq2yp8kbSal+boHdIlS1MkoLXIvlFGncWay3C7L216+qSoxCZ2OYWypbsL/Ed8CNbS1EMFKIGbLZTe/nAFb2pkbCOeZ+HytkYIFOdQRaxVg+VhsGwgiYPkNC4OcEi1iUQnzQANZTmAHdM3DtTUIqtfKyknnPnZmZvEk9cDGPwmfX/R1PYPutMJhM1HGoNscZT2/wBEdsDTqR1iZqmWcfgWotlYG1/MfmI69+8SyHO+Blsvd3W6QRsPVLVRQ3pAN0n8230l1HwlrlTBqmNHrkKfqntew8DeXVUWygAD1VFh2na3h0ywKhlRVPNaNVmJq65dL6jMEVjKmqYRLYF7lP4ie8JtXBT/ABFPbX/TE1nQmHJ/OP5qU7sCefUdfUBc9dum09xf1Gq4yk9v0js9ty2Ygdi27oHcIiICIiAiIgIiICQ3Cz9Trex94kzIXhf+p1vZHvLA4Dpr0P5hJtfRXqEhNM+h/MJNr6K9QgUM8cmvqr3CerxeB5NNfVHcJTk19UdwnuUvA8Gmvqjunnk122HdLhlIFp1hDqsdk9ETyVgVFZ1FiA67m1+M8cpT+bp3L+GCJ5IMD1ylP5uncvwjlKfzdO5fhLZlNcC7ylL5uncvwjlKfzdO5fhLWuNcC7ylL5uncvwnpalO+qgl+pfhLIvPaAwMbTmMqMgS9jUIUAeN9+qbzxTYUGu7fsqdh1swF+4N3zQsUt6y3+QhI6ybTovFKfztcb0TwY/GB1KIiAiIgIiICIiAkJww/U63sj3lk3IXheP/AEdb2R7ywOA6Y9D+YSbHojqEhdL+h1Mv2yZU3UdQgUlJWUgVlDEGBSUlYgebSlp6tFoHi08usu2nlhAynoqzbQqarAIVYaht8y55+czwtFCFsqkfKLcpe+Y+rq2W2dMkhpanufuH4pawukkRSCG9Jzqt8pid/TAw3KABVU6s3yFJsXfLmzITfLllHVDryWLMBaxByhRdgFsuYm52dkzk0igdns1mVRzX1Funpla2kEZkNm8xiTs9UjVr6YGC9FBn81QLHIRyma9/Nvm1bNt5jKsmMRpFHRlAa7AjXa32yLtAjMSPzv8A2x706DxTD89W/hr785/iT+dPQi/aZv8AxT1AK9VedqYI/lcA+8IHVIiICIiAiIgIiICYOl8Ka1CpTG10YDrINvG0zogfNWkFzBkOo9PMQeftEro/SQC5H1FdWubxxkcDaqu2LwyF0bzq1NRdlb5Tqo9JTtIGsG52HVzbMjgHUen/AHgT/lSesO+PKk3ia7ySf0TKcmvT3mBsflSbxHlKbxNc5NenvMcmu895gbH5Sm8R5Sm8d813KvT3mUyrvPeZRsXlCbxK+UpvHfNdyrvPefjKZF3nvMg2PyhN8eUJvmuZF3nvMcmu898DY+XTeJVaqnnE1rIu8989rTXe3fKNmDrvlc675rfIje30jK8gPWb6RjBsWdd8tV8XTQXJEg/Jx6zfSM8DCre9ies3jBk0qxdmc6s+wfujZ957ZvvFbTc4ssPRWm+Y9BK2HfbuM0vR+BqVmVEUszGwAFyZ3HgdwfGBo5TY1KlmqEb+ZR0DX2kyDYoiICIiAiIgabxj4ypTw6ojFeVZg1tRKhGNuq+XrtbYTOYYWtiKJBpValO2zK7IO1QcrdRBm68bmkhSbCqflCux7OSA94znv5cTdA3HRfGHjMOQMSoxFLndQKdZekgWRx2J1zpmh9L0MXTFSi4ZTqPMyncynWp6DOBDTCNfzbjn3W6Zg6IxGJVm8nrPSIAzFXamStzYEqdYlH05Nc0xwL0di2L1cOuc6y6FqLE72KEZv5rzjQ4W6Uwjj/1TsbXs7cspGyxD38LGbBo/jjxCWGIwyPvZHakfosGBPaJBtT8VOjzsfEL1VFPvIZq/Dfi+w2AwdTE061d2pmmAjlMpz1FQ3y0wdjXk5huOLR7enSxCfyo48Hv4SN4acP8ARuPwdTDpUqK9Q0yGak1hlqI5vboUjtgcfOKPqt3j8M9U6wZlDFkUkAtbPlBIu1hrNhrtzz3iEpD0HZ+nKV94ywMoIIBNiDZjqNjexA5u2Bcdxc2YkAkA5bXF9RsTqvult6pHOfsluoASTlAvc2F7DnsL80tKpOwQJLD0mdQwbb0bpco4dSzK2Ip0sttb8ocxOuyimjnvsNcaNFkt+8fsEtaaogMhUa3phm2nXndezzVXugeqNF3Fww5+nYbSziGKNlzXOrxmZo9CqLfnufEj7ph6WpZam2+ZUbda67PCBcp1Bzse7/eZnKU1TNdyb2y5ddrXzZr26LbZG4ShnJGvVbnG+dJ0BwKp6QwmbDOyVqVcrUNU5lI5MEBMqjV5ym5W+ojrDSExqeo/gJPcEcCmPxK4fzqecOc+p7ZFLWy6ttt82ccUuM+cUf8Az/DJzghxfYjBYpK71qbKgcZVDXJZCvOBvvGi8vFbQ569TsVR8Zk4fiywSm7PVfoLKo8Fv4zeogR2i9D4bCrlo01S+0jWx62Os98kYiAiIgIiICIiByHjdVGroXGbk6KZBcgA1KlQOdRF7hF7poGG5O/oL23b3iZ0HjiokVabE2WrTy32kGmzNs/7g55zdKQGsP3gj7LyjZKBQrbKANwAH2TBxNJKTZl1Z/u/5lilico3+MsVaj1msPkff/xAvPydS5cXI1DqmFVoUekds9thnGo888HBX2sBAsHC0z8oz2mjqZ+UZcGEpja4lVp0xsqCBfo6HonazTLfQ+HVGaxJCki557TBVgNjiequJORgW1EEeEDF8kpHVbbq2yOpqBQdgLNmy3FxqDUyPtMvNXA554qYgPSe1xbLt6WX4RRcwBOTXrNz07pj6RqvnHnGwUW12sLnd0375ewL2QDt8W+ExMe12B/dPvuJBn4JiUFzfr17df3y1yjGuoubFlFua2zZPeEbzR1L7iywmvEJ7Q+0mUT/AAQbR4ep5RVKKUGQ3K3bMNXonmnbOL3DYVMOz4Zy1Oq5OYm92UBTbUN1tnNOB6Ap4Qs3LOAuUWOR3133KpOyd64tUpDAqKLBkz1LEKyC+bWMrKCLG42SDboiICIiAiIgIiICIiAiIgc4436AZMKx5qlRfpJm/wDhOZ+SrO1cPNAVMdQVaRAqUnDqGNg3msjLe2o2YkdIGy95ouC4t9IORnelTXnuxqMOpVFj9IQNNbDquu+yTPBrgLjcWpqoVpK3os9xnH7oAJI6dk6VoTi+wmHIaoTiHGsZwAgO9aY1fSLTcALQOSUOKnEuw5bFIqj1Faox6Bmygdevqmx4Hiu0bTtygqViOd6jKPo08ot13m9RAgaHA/RlP0cFh+s0kc97AmZR4O4G1vJMPbdyNP8ADJSIGu4jgXot9uCoi/OqCke9LGavwh4r8AtGpUotVpGmjsAH5VTlUmxD3bm5mE6VON8PuMHF069TDUEp8kUdCWVmdrZlcghhYajaw6eoOe4/Qq0bku72KiyoCxvfmzdEjeSVadQrntdB5yhD6XQTfZMnGabesLPTpEEg/wDUGsDVaz6pYp1Kbq62Snmy7CxBsSdjMTftgYNRiAu30er5TStb0U9g++894lQCoUhgF29OZj98uimjKl3CkLa1iflMfvgWK7kEaz6Ce6JkYLXWp/ye7LGKtmspDAKovvsomXhMiujlwMoF1tr1La0C7g8NSLKM735hyZXYNXnFiPCdx4pcRbDvhwllw5DB7635VnY3FgBa1tXNacSwtdAdSFsltZrMobccpB7uabXwa4e1cG7JRw6PyuQNmqGwyZtjBdgzG51wPoKJDcGdNLjaC1QuVrlXS+bK4sSA1hcWIINhqMmYCIiAiIgIiICIiAiIgIiICIiAiIgIiICfPnCOkr1XY3utV3UjUQc58DzifQc0jSPFzhazM4rVkLEtlBRlBJvqzITbtgcWxejqb+cFAI1m2q/ZvkaMLR3+M7Q3FWvycWw9qmH+xlkJV4kmJJGOGs3tyBFv82Bqei+CPlOG5amrWU1M73D/AKNQQqJmUW1m5JuDs1SQbgKiec1Ku/KErSAZGzklWQt6GUlBUOW5AyjzjsOz4Tisx9FDTpaVdKZzXRUdFOYWbzRUtrl/+7vSvmj8sVDyZBS6ucpAKgi76tRI7YGltwGZnKLRrhgnKZWdBa75FUsqvYEK7AjNsCnWMx17SeiadKq9Ms35t2XztTajzjf/AFYbJ1gcAdLBiw0u2YqFJKG+UEsB6Wy7E9siMXxO4us7VKmOV3qEszFGuxPOfOgc3paKR9h1DadXhJXCUKdPUi2vbpJ6zN7wXFFXpqV8rTWb35NjzW9eZWH4p6gPnY1eygb95qQNi4sVAwz/AMU+5Tm5yE4M6CGBpGmHNTM5csQF15VWwA2DzenbJuAiIgIiICIiAiIgIiICIiAiIgIiICIiAiIgIiICIiAiIgIiICIiAiIgIiICIiAiIgIiICIiAiIgIiICIiAiIgIiICIiAiIgIiICIiAiIgIiICIiAiIgf//Z', 'Waterproof, Wide-angle lens', 300, 10, 1, 3, '2024-01-03 12:50:00', NULL, NULL),
('Electric Toothbrush', 'data:image/jpeg;base64,/9j/4AAQSkZJRgABAQAAAQABAAD/2wCEAAkGBw4NDQ0NDQ0NDQ0NDQ0NDQ0NDQ8NDQ0NFREWFhURFRUYHSgsGBolGxUVITEhJSkrLi8vFx8zODMtNygtLi8BCgoKDg0OFw0PFS0fFR4yNys3Ly0tLSstKysrNystLzcrLSsrKy0tODMtKzcrNzctLS0rKysrKystKyw3MjUrK//AABEIARMAtwMBIgACEQEDEQH/xAAbAAEBAQEBAQEBAAAAAAAAAAABAAIDBAYFB//EADkQAAIBAgMEBwUHBAMAAAAAAAABAgMRBBIhBTFhkRMUMkFRcYEGIjSSsiRScoKxwdEjQmLhodLw/8QAGAEBAQEBAQAAAAAAAAAAAAAAAAEEAgP/xAAeEQEBAAIDAAMBAAAAAAAAAAAAAQIxAxEyEiFxQf/aAAwDAQACEQMRAD8A/sTkZbMtmWwFsGzNwuBq4XC5AJAQCREAkRAJAICVwIDVxuZIDdyuZK4G7jc53G4HS5HPMAHNsLhcgIgIBIiASIgEiECIhAiIgIhIoBAgECICuVwBkDcjDZABAQCREAkQgQgaAiIQBtJNvRJNvyOGAnKbk5pLfpdv3d6a0171+XvNY6/Q1bK76KpZeLys57Nat/almlomnTzXcvd+ZAetq3oRqe9gUBCQAREAExMsAYMWZYGZMjMmQGiIiBEBAhRCUQkIEJEBHj2dGVOc6Xu9HD3YJQallSzK7v3Xtu7j2nmw7vXrf4/vSgB6RIgIBIAAQAgYgBlmWaZhgc5kExA2ICQQkQCJISiQkhAhAQI8mBd6+I82uVOK/Y9Z4tku9Wu/GrWXJ2/YD3ESICIiAAEgAGIMDLMM2zLA4zIpkB0QkJBCAlCICgFERAIgQCfnez0r+99+U5c22erGVMlKpP7tOb9bOx5NgrKoLwSRB+mQzWr8zJQkBAREAEAgBlmWbZhgcZiEyA6kRECICUQgICICAkBAeDb1VQw1RyajHTPJuyjBO8pPhZM/K2P7T4Cc1CliOlldRSpUa9S74NRs1x3B7TV3KtHDyyyozpNTpyV4zzN3v6JHDZGycLSkpUsNQpyWqcIWafM5+X29ZxWzt9dKopNuN+KlGUJJ+DTWmliMU1o5O7lKzk227u1jZY87OvpERFQERAQCAGWZZpmGByqEUyA6kiIgSIihEBARQCBERAfJ+0T+2x4U4nr2e9x4vaL41fgh+h02c5dNLWWXIrL3sqem7uPK7bMfEfVUuwvQTNHsL0NHpGbPZAiK4QCAETImBlmGbZhgcpkExA6CAkEICUImRQGkIIQIBAD5H2h+N/JD9Dts6m1VlK2koxV7x1enC/d4nHb6+3fkh9KO2zcXSlPo41IOcd8U72tvR5f1tniPp6HYXobMUewvQ0ekZeTZIiK4BEQEAgwBmGaZlgcZkFQgOxAJBCAlCKMmkBpCCIBAQA+P9pIp4qreWT+lTV07PXKnZ92jb9DrgKMYxjGKUYxtlsrZNN6f/vA5+0EVLGTjJJxlCCae5pwWhjZ+zWmk8TXlRWqpSybu6LnbNJLz82zyu2zHzPx9Vs2rnpKVrLu327r2vxuvQ9JzwytBJaJJJLwR0PSM2eyREVwCIgAmRMDLMM2zEgONQimQHS4mRINEAlCaRkUBpGjKEBAQIPkdvfHS/DT+hHswHceTbi+3S/DT+hHo2dUbaThNb9WlY87ttx8R9HQ7BszQ7Bs7x0y8m0REdOARABAIMDLMSNsxIDjMimAHQQEgUaMigNCjKNIo0jRlCAkREHye2/jpfhp/Qj0bP6S6zKna7vlcrpW089bc+GvDbPxs/Kn9CO+BpS0/qyaUt1otb1dbvNep53bZPMfRUOxyNmKHYNnpGbk2iIiuAREAAxBgZZiRtmJAcJkMyA0ICiBNIBQCjSBCgNIQRoCIiA+T2z8bPyh9COuBdLpNEukTfc78Tltj42flD6Ed8HUqe6uiT8WqiSXE87ttnmPoqHY5HQ54fs8jod46ZeTaIQOnCAQAAYgwMsxI2zEgOEyGZAbsKGwpEAkaSIUBI0kGnijSa8VzAUaBNeK5jdeK5gRDdeKID5HbHxtTyh9CPXgpa5bPRJ3s8u99/jwPJth/ban5fpR7MF3Hndts8x+7h+ydTlh9x2O4y8mwQkVwyQgUDMs0wAyzEjozEiDhMhmiKN+991fN/onJpXaXzf6N3MPXy7v5Iryzu22+8zkPXkQ9GgjxOLDU93RoujQH57m0HTtH6PRRB4eHgB+esalvO1PHw8TtLBU33Hmq7KpvdJoD8PaM1LF1JLc8tvlR+lgUeaexqiqNqpCavpmUoNckz34XC1Y71TflOX/U46rXM8fjJ2/WpL3eQ2Ci2laSj6Nv9kaudRnzvdZA0BXDIM0BRhoy0dGjLQBCeV8O/wDk26i/y+WTObRU5d3IgJ1F4S+Sf8EakIHKhJzbf9q38X4HoMKcYJRV7L/ky8RHjyCuhXOXWI8Q6zHiEdrkcesx4l1mPEDuRx6zHiXWY8QOxM5dZjxDrMeIDKJqJz6xHiKrx48gO6E4LER4j1mPEDsRw6zHiXWY8QOxHHrUePIusx48gOplo59Zjx5A8THjyA6NGJIy8TDjyB4iPHkB1i76Pf8AqR53iIcV6EB6asNI+S/Q82XU/QqQ0R5nTA87iZcT0OJhxA45SynTKWUDnlKxuxWAykTRuwWAzlKxqxJAZyikbsVgOY2N2KxRixZTeUsoHOxZTrlHIQcXEMp3yEqYHmcCPUqZAfpVFocJIiAwznJEQGCkgICaACAQIgIkRAIgQCREAikRAKRqxEA2FIiA3FERAf/Z', 'Sonic cleaning technology', 80, 50, 1, 3, '2024-01-03 12:55:00', NULL, NULL),
('Wireless Mouse Logitech', 'data:image/jpeg;base64,/9j/4AAQSkZJRgABAQAAAQABAAD/2wCEAAkGBxASEg8PEBIPDhAQEg8PDxAQDw8ODw0QFhIXFxUVFRMYHSggGBolGxUVITEhJSkrLi4uFyAzODMsNygtLisBCgoKDQ0OFxAQFi0fFR0vLS0tLS0tKys1Ky0rKy0tLSsrLSstKy0rKy03Ky0rNy0rKy0tNy0rKy0tKysrKysrK//AABEIANAA8gMBIgACEQEDEQH/xAAcAAEAAQUBAQAAAAAAAAAAAAAABwIDBAUGAQj/xABGEAACAgACBQULCgQFBQAAAAAAAQIDBBEFEiExQQZRYXGRBxMiMlJzgaGxssEjQmJjcpKis8LRJDNTghRDk6PwJTRUZNP/xAAWAQEBAQAAAAAAAAAAAAAAAAAAAQL/xAAaEQEBAQEBAQEAAAAAAAAAAAAAAQIRMRJB/9oADAMBAAIRAxEAPwCcQAAAAAAAAAAAAAAAAAAAAAAAAAAAAAAAAAAAAAAAAAAAAAAAAAAAAAAACxi8XXVHXtnCqPlTkorPmWe99BynLPl3Vg1KFbjO2Pgyk9sKpeTkvHn9FbuL4EOaV5QYrFzc5zmk81nreHlzZrZFdEckXidTJpbukYCl5a0rH0JQ9UvC7InNYvuy1r+Xh3LmecpZ+iSiRf8A4ZLgWrK0XidSJPu0XcMPD0xf/wBBR3bLHteGi1m1sWTzTy4zI1dRj4OnZPzlq/EwJmwfdmoeXfMPOHO9ZvL0KL9p02ie6Lo695Kx1y5ppP3W2l0tI+fYVovrDp8w4dfUeGxMLIqdc4WRe6UJKUX6UXT5q0Tp3F4SanVZPJZZpyebXNm966JZroJg5F8vqcYo125VXbIr5sZy4Jr5su1Pg+BOL12oAIoAAAAAAAAAAAAAAAAAAAAAAAAcjy/5Tf4WvvVctS2cXOc+NFKzzl9p5NLqb5jrLbFFSlJ5RinKTe5JLNs+d+XmlZXa9ks1LE255eTVHao+jwF2liWueuxMsRZrvNRWyuHkx/d72zbUYXJGv0RUb3gaZrW4lZGutmZ2Okaq2QGdgcPbbNU06sZavfLLZLWjVDNpZLjJtMyNIaDtw1c7oWf4muOdl0JwjGaTfhTjJP05G05IVLO6XF10L12M6DEVp12J5NOE09ut81kVHbaz2bU8mnzprNGXh3ma2uXg1ebqf4EZuFkVGxlRmjWW69M1ZB5NelSXFNcUb3DbUYuk6M0wJa7mnLFYuuNNsm7Un3uUnnKaj40JPjKO/PitvO33Z8wckcfOnEZQerJtWVvmshtWzmcdbPnyR9K6Lxsb6ar47FZCMst+q3vj1p5r0Ga1GUACKAAAAAAAAAAAAAAAAAAAAANHy2xGpgcU186Cr9FklB+qTPnvlRLOyqPk1633ptfpRPXdFf8AA29M6c/9SJA3KOHysX9VD35mp4zfTRexGzlLYanR8thnylsKjX4yRrpmdimYMiLHX8j5LKxfQqfvm9xM0q7ZZxeVc3sWXzX0nGaBx/e29+1KOzLcm2t/WbTSGmlZXZCDeT1oSezwXxQHIQ8SrzVP5aMvDMsWZblsSSilzJLJewu0Ab7CS2HuL2pljCy2FeJnsZUaTBvVxFL+shH0Seq/Uyf+5niXLCzrf+VbJR6IySl7zkQBV/Ng/rIe8icu5a/Bxa+lS/VL9ifi/ruwAZaAAAAAAAAAAAAAAAAAAAAAHOd0KOeAv6HQ/wDegQZyhhtrfPCS7JZ/qJ85Z162Bxa5q3P7rUvgQdpivOEHzScfvRz/AEo1PGb60WDkZ2vsNZB5Noy1MqLWIMNoyrmY7RFX8LvKsNLwbfPW+0opZThHss87b7xRbmi5SeTR7WQbPDyPMVZsLVci1ibCot4CvWtrX1lefUpJv1Zk4dy2PgYqXPOtdkW/iQ3oCrOyD5taX4Wva0TZ3MIZYa6XlXy7FXD45kviz12IAMtAAAAAAAAAAAAAAAAAAAAADF0rh++U31f1KrYfeg18SCLYa1M+iKn91qT9SZ9AkI04ZRvtoa2Rstpa6FJxNZZ04PGw1ZMphMzdLUNPJ71nF9cXk/WjWJlRdlIoPMwRVyDKMG9k/OW++yuBbwXiy85d+ZIC4z2J4zzMC9rlmcsw5FWHhnJAdDoHD5RnPmjGK/ubb91dpNHc/p1cDS+M5Wzf+o0vUkRVhqdSiPDXlOfoWUV6o+smfk7RqYXCw3NU1Z/acU362xfCetiADLQAAAAAAAAAAAAAAAAAAAAAER6Vq1dIYmK/rOX3kpfqJcIt5RRy0niOl0v/AGYGss6cTyuw+rdcvp6y6pRUva2crNHdct4fLSfPXU/eXwOJtRUi0iqJSi5Eiq4o8w9Wqmt+cpy+9Jv4lUStAUSRbZeZakgKTP0ZDws+bN9hhRRvOT1OtbXHyrKovqc0mVHW6TwjSppW/VrrXW8l7SZIxSSS3LYuojLSNWeMwkee+hejviz9RJxNLkABloAAAAAAAAAAAAAAAAAAAAACL+Uj/wCp39HefyYEoEUcoLM9JYl/TrXZVBfA1lnTQ8tn8ovNx96RxNyOx5YSzta5oV/E4+4qRYK4lJXEiq0VJHiT2Pbk9z4MrjFvYtrexJbW2BS0USRdaLcgPII6TkhHPEUech6tvwOdgjpeR/8A3FHnF7rKjv5xzx2D87F9ib+BIpG9M89IYTzn6ZEkE0uQAGWgAAAAAAAAAAAAAAAAAAAAAIXx+I18ZiZ8992XUptL1JEzyeSbfDaQNg7HKWs98nrPrbzZrLOmPymsztt6HCPZBfuzmLjeaWnrWXP6ya7NnwNHcVFguRRSkX64hWzwkq+9wi+968dbLvsZSgk5LPYuOW70mbRXUmpKMVX46zjJ2r5XZLW4RUf+ZmohEyYylq6mctXfq5vVz6gjCsjtfWyxJGwnExLEBbgdDyXeV9L+sj+xz8N5vdBbLafOQ9oHa4O7+Pwr+uiu3Z8SVSHMLP8AjMK//Zw/5sSYyaXIADLQAAAAAAAAAAAAAAAAAAAAAtYvxLPsS9jIFwbyy9BPzWeznIBlU65Tre+uUq31xbT9hrLOms0g/lLl9OT7dvxNPczaac8GxT4WRT/uj4L9Wr2mmsmVIqiZNSMWDMqpgZVaL6RaqMgCzYYVpm2swbWBRXvN5of+bQvpp+hJt+w0VctpvtBbZys4VxyX2p7PYpArotFLWxeFS/8AIofoVib9SJoIi5E0OzHUcVDXsl0JQeX4nEl0mlyAAy0AAAAAAAAAAAAAAAAAAAAABEHL/RrpxlkksoYj5aD4az2TXXrbf7kS+aTlboFYyhwWSth4dMnuUsvFb8l7ux8Cy8SzqEdIYbvsHDdJeFB80unoe45GbabjJOMk8pJ70zuLqpQlKucXCcG4yjJZOLXBmBpHRtdyzfgzSyjYt/U1xRuxiVzdcjJqmU36JxEN0HavKqzn+FeEuzIxI37WuK2NcU+lGWm6psL7tNNDElbxRUZttph2zLM8Sucy8Pou+z5ve4+VZnDsjvfZkBjUqUpKMU5Sk8klxOuwlCrgq083405eVN731bEl1FjR+AhSvB8KTWUrH40uhL5q6O3M3Wg9E2Yq2NNexb7J5Zxqhxk+nmXFlR2Pcw0c0rsVJeN8jX9lPOb6s9Vf2s7wsYHCQprhTWtWFcVGK6FxfO+OZfMVuTgACKAAAAAAAAAAAAAAAAAAAAAAAA5/lRyUpxi1v5V8VlG1LPNeTNfOXrXanFumdCYnCSyvg4xzyjbHOVU+qfweT6CcimcFJOMkpJ7Gmk010osvEs6+flIrsnrLKahaua2ELorqU00iW9I8hsBbm1W6JPjRLva9EHnFdhosR3M/6WKaXNZSpv7ykvYa+oz81HjwtD8bD4d9Vfevy3E8jg8Ot2HoXWrLPVOTR3M+5vieF9D642R/c9h3N8R86+hdUZy/YdhyuMqko7IRrqz396qqpz69RLP0njlxZIWF7mkP83EzkuaqqNT7ZOXsOh0XyRwVDUoUqc1una3bJPnWeyL6kh9Q+ajvk/yVxOKakouml7XdNNay+hHfLr3dJKWhtEU4WtVUxyW+UntnZLypPi/UuBngzb1qTgACKAAAAAAAAAAAAAAAAAAAAAAAAAAAAAAAAAAAAAAAAAAAAAAAAAAAAAAAA//Z', 'Ergonomic design, Long battery life', 30, 90, 1, 3, '2024-01-03 13:00:00', NULL, NULL),
('32-inch Monitor', 'data:image/jpeg;base64,/9j/4AAQSkZJRgABAQAAAQABAAD/2wCEAAoHCBYWFRgWFRUZGRgYGhofHBkcGhohJRwaGBoZHBgcISQeJC4lHiQrIR4cJjgnKzAxNTU1GiQ7QDs0Py40NTEBDAwMEA8QHxISHzQrJCw0MTE0NDY1PTQ0NDQ2NDY0MTY0NDQ0NDQ0NDQ0NDQ2NDQ0NDQ0NDY2NjY0NDQ0NDQ0NP/AABEIALcBFAMBIgACEQEDEQH/xAAcAAEAAwEBAQEBAAAAAAAAAAAABQYHBAMCAQj/xABOEAACAQIDBQQECAkJBwUAAAABAgADEQQSIQUGMUFRByJhcRMygZE0QnOTobGy0RQkUnKCs8HT8BcjU1VidJLS4UNjg6KjwuIzNURU8f/EABoBAQADAQEBAAAAAAAAAAAAAAABAwQCBQb/xAAoEQEBAAIBBAIBBAIDAAAAAAAAAQIRAxIhMUEEUcETMmFxItEFgbH/2gAMAwEAAhEDEQA/ANmiIgIiICIiAiIgIiICIiAiIgIiICIiAiIgIiICIiAiIgIiICIiAiIgIiICIiAiIgIiICInLtHE+jpVKlr5FZrXtfKCbX5QOqJRqnaJSXQqgI4g1QLefdni/aZRHxUP/GH+SBfomeN2pUR8RPnh/lnme1Wj/Rp8+v8AlhOq0eJmx7WKX9Enz6/5Z+J2rIxsuHDHotYE+4JBppUTPh2iVDoNn1T5Fzf/AKc8anacykg4FwQbEF2BBHEEGnoZPTfpDR4mbDtQY8MC58qjfu551O1YqbHAsD0NQj66cdN+id2nRMvXtYJ4YFj5VCeHHhTgdq7HUYByOoqN+7jpo0+JmH8qz/1fU+cb91Ple1hyMwwDlTzFRiPeKdpGX+PnsmS3w1GJl57Vn/q6p8437qfjdq7jjs6oPOo37qc9WP2noy+moxMuHaw/9XVPnG/dT9HatUPDZtQ/pt+6jrx+zoy+moRMyp9p9dgSuyq5A4lWqEDnrajpPFO1t24bPc+VRj9VKTuI1WqRMuw/atVqHLT2bUcjkjux9y0jOr+UTF/1NivdW/cyUNHiU3dHfVsZXqUHwrUHpoWIZyToyqVKlVKnvDjLlAREQEREBERAREQEREBI3eH4LX+Sf7JklIzeL4LX+Sf7JgYJtymDZwNbsCfaSv0X9wkLxloxFAujj84j9E3lXtYzTljJJr3Ir+Py3LqxvmWz/r08a6zladVUTmbwlOUbJXmR/GkuvZ9stmZqpHDhp/HOUxEuQo4sRNi3cqLQw6IqDMbdefDSd8c3dueS9tJ2hTXQ94eNjoeVp87e2IawFVLFgoDADVrfG04nh7pxUdphnKBhdrepbu36dfbLpgmX1CSXW2b7x4Gd/qdN3FOWN13ZY2zmU6CVra1T+ecHiMoPjZB902zaOyEY3QEsePO/jrzmQ714T0eKqKeJAbhwDIRb2TReaZ4o4cdZV77s4POjtZj3mXiuWxS2t9TbMOHUeMlG2YRyInfu9ss0s6NYMW1F+guLdRoZNij1HvkcPJ519uued5P4UjaVBkS3NyEW3VufsFz7JI0sGFoqlstuWtrg+63jJRMB6bEk27lBbedRrE+4ZR55pIjB66AEHjflPlP+b+fvnmHqf+vS+BjjhhbfNUrFUyFItcL0vzvoB/H0CfKKHUKbhxwvzHh185ZMfhFLEcL+qfZqPbpIDH4Iki5ANiAbnQX8Nev8CZOLnmcnpv1r/KOEutwRe4bqdb/VOykxBYa5c3G3GwUcf44zkbDFL5bHzJ9+gkNiKzuSjAaEkkMw1uTbRdb/AHTbjh1+L2Z885j6aXsit6BHZx3VGbLr3g3dUD8pie6BzJEomFVqWIemwsUZlYcbcml23dwj1Aj1iP5vMEQCwBsCrtfvO1xpewB1AvYyn73K5xbGne7rc+ajKxPLlx8RNPH+6Yxhy7y7SO7u1jhUqVAhVqjstMAB3dV0LKDZUUad5s19QFjZ/aRiqFQiogq0y1yrP31va+VgAttCcpXieInYtLD06NUuSHKLkPRGtmUa6EEsbdHB6ShOLknjxnq8WONmrGTPGyb20bs+x619rYusl8tSmzKCLEAvS0I6zVpi/Y18Nq/IN+sSbRK8pq2OY/YiJCSIiAiIgIiICIiAkXvJ8ExHyVT7JkpIrec/ieI+RqfYMDIMBYsfzj9Zlb2lSyO6dCbeR1H0ESx7Lvckc2Nv8Wsjd5MIVqBvy1+lTb6rTZlrolYODOz5OWP3+FZec1SSD0z0nj+DEzNnlHr4Sund+gpqZ3vlTl1P8c5LbU3jLXWmbW59befKceGwxFMkWFwQCTzNs1gePIe+eOH2WfRs9mLZlVUA1OY6kW6aXtf1hHV0yT7TMcsrco9cLvDURldT3lYd25swOrLb2aHiLnwm07uK7qXJ7lQh01GqsBby0ANupMx+nuw64erVqLatlDIAb5QhzMARpmKi2l7WHM6X7cvbzPQpPcMFGR1PVdL+3RvbJmNlcXK5Y3bRMTdUYg2NjbzmcdqmyCHTFBr5lFNltwy52VgfG5B8hJgY5/EEsbrrY666319vCe2+NVXwL5mUZspVToSUdb2114e68smNxsqrC6yVXdTa+qekOY0zdr6llsAOPGy6eyaTtKtRo0KlXIrBVLBdLs3BVBPAsSAPOYhhsRkK8ijXv1HmPbLvidstiUw1BEuFyvV53CCyA+BN2/QWV8suMti3km9PvYVFqVMM+YPUJd21F2c3J08SffJhMWw+MDfqB+yxnZhMcj93TNwyMdf0W4nyM4dsYdcuZMpYMoKmysM1+PI+f1z5T5PwuW25737buPmwusbH2aQqKbWzLqVOunVTzHUcvdIbF0CSQQPMW9k+BtBqLBsjAqdD8U9VJGmvCT1VFqU1roe4+vkeDA+RBHsmW8eWOHVjPHmfloxz6MtXxfH+lTxOFCqdNdCD5SLfBBhZV71tDa8smJXnpY8DxnMVyj+PK81cHNdL+TCZR+7Gxj01R7MQO465rWXTv2I7xXTppeGqJVxpdgVFELlfiPSXBI04rlspHmOZMj8axRGDgMr/ABb827qi3ibC/jPrB4tcMEQjOiavf41RjZgdOIU8vyrcRPY+JrO9U9PL58OiyX25t4yUU0rFkILIc2lmqFgCMoJC6qBp152FVxKd1FC2K5iW1uc5t16Ae+W3ey6oVGbNQqMLnmj+r5HQk68R7ZSmxDlrmezwxhzuK9dkC2x1YdKDD3VKc2WYx2OtfG1if6Bv1lObPM+f7q5nh+xETlJERAREQEREBERASJ3pP4nifkan2DJaRG9fwLE/I1PsGBlGxcPmy25lz7na/wBAkttPZS1ci5iCMxNhf1gNDr1A06Xn3u1srPhkdvRhSalmNwdKjg6jiPZzEn8PjMPQUKLsf7KHr1/1lefyLrphx/DnX+rtU03JdiMtiD1FuvDr/rP3am66YZEDkM9ZwgX+zxc8Rpl083EtFXeohb06V1va9jx5dL625ym4zGtiarV3YAUgUS+guSC5J5XNhcn4olOGOXJlN3s2XKyamvyqG9WyamGxBRgMh1oupurU+Vj1F7MON/MT62Pt1kK5jqmYKTyD+sDyN/fpLLtfGk0Gp1qLtTYKxylGKHirAhu6eWbha4Ol5n1UWJy3KgZsxUDQmwvYkdNQT+ybLiqxzuF7d59NB2jtCtVou1BqSDKuo1I07+YkFUv1bKBfjzFW2Jijh3C1FZWurU35A2seGlRGFgbHUAEEHhD4TaRpsHpuVYcCCR9Usq4P8JVKqU7VA47gOVWuQS6A2CG+rC6qdTcWMi5X3Xesct5YT+56X3YWHbGMfRPkVAC2YX4llABB740NjpoRoDoOzevZxw+CcMwdiwsegutrA+N9fE9ZVtztlmhi0q0q7JlDq9FwR3nGiWPqAtlIve+UWZiQJdt78BWxOGyU1zvcHLmA5g6FiByluOV33qnV6p9MpT1xe3Hnw9sk9n4bHpmxGFqrlfgmRXGUWAuLEroOQtx1kXtrZdel/Nujo76DMCLi7ZiDwbSwuD8YTiQY6iAFbMo0AJB9t9CB7fqkcuUvY5LvtFgfenFIfxjBI/8Aapsyk+Njmv7pZdjb4LiFt6N81M3IqgA5eGXNc5tSOIHtlAp714hCwqqSCb20cAjQ2D3ABsDoeNzreSeyt96VMsRQpXe2a4dCbcjqy8zwmbPCWeHOOVnlqlfZ6sM9G6lhfum17i4sR9Rv7Jx7KqrUV6LfG1IKhCxFrm4GjCw1sb28JGbC7QMK5Sk1NqeYhVZSrKpJsASDe1/DSWWthqTsHSoA6kEHhe3JgfW6dfGZcvjYy7kXTntmq9auDORVCKQFAs3EWFuIB+iV/HbKewZBfqpa4BHRuF+Ghlzp0wRxn09JQCbgC1yfAdZVy/BmU3j2WcXyssGTbSBLqr0Sypd3AYZgBohHXUE2HDKs49ntnqo4N1RsxzECxUM4JA46jMVHE6c5O7Sb8Xq1VBD18zoLAZaKMgub8CFKiwtckyIw4ppTo1FVTUzkMGD5chUqpGSxJBW+nXwmv4vF+lxzH37/ALRy8t5Lcq4MdTqPUPpHKE98E5tabu2Qn8jQEWJAOnEgyD2vkUIqVM41zECwLDmuvesDa59nGSu9tS7uqOAM9yrFRbIoQWAAW1w50111vcSotUJ0M9HjrHk0fsVP45V+Qb9ZTm1zFOxP4XV+Qb9Yk2uZ8v3Uj9iIkJIiICIiAiIgIiICQ293wHFfIVPsNJmQu+HwDFfIVfsNAy/ZdU/gtPuhgpqWB45mqP6o91+fnwnq+LdRYhAdRqzKultALtzJ4gDumwNpzbKqj8EUI4zj0hIv6pFRiAQDcAgA3tbvSGr7Ub4vdHM3OoNuNtLeyVXDutxytmnXiKrFu8czEnhY3ZzcakWA6gCXfAbICUVTQEgZr87jUH6JmqekrOpDsQp621APLQaX1P8AbHjJDE4yopVS7ljwUEczzH1aTvHWE3TdtSG8Gy6lEDKyvTZixIYXQIC1rggjvC4JzdLAC5qWycOKmaiCq1FViGy3DKSysjL116nieNp2VsRUDgBnXKbFb2tyHDTS+nnPTCvXVi5dnGU2uSe8WVQbZvFvdbnLNoU5aBBKm9r87i+XkR7Ryl52FXrJSDIACWuWIByhbWtfTW51bThqDaQGGwIqVsiDurYFuZy+szHmS2Y+7pLzQQIoVdAo0iY7qzj3jL/KaxVCnUpNXQHMlsxsQQl7Oj31WwJYDqotxlx3W2gKuHViQXUsjnq6HKT7dD7Zj22cMz16TM7FFI7pJy6G4AIta2hAJtxt42CtvHUwtF2vdQpyq35ZHcy8/WtccLXv1k2WxGU2h+0LeH0u1AgP83QVqanln41T55gEP5k4q2L7p1uB/B+qVLDIaxUM3fDE5jqTn7xv17wY+Oee+NSoim7aDn9fG+un0Su+VEdT7YpnTKfrnO9eg3G1/EWnrsTZ9PIXrq7r3jTpqxW+W2Z3I9VbaEjXh0namCw5VnyWsQQvpal8rX4dbEMOtgp5xs9yODEYWg6KUsCBY2I43Jvpx9s8RtjE0CMmJqZTwBbMPc1xOupgsMx7q1B5utrW494H3To3f2LhKtZadRqq5r5SDTPeGoBBXUEA9OUia0m32tuxNu4yomFNPIzVS6PmFrVEbQgqVAzKQfOW/a1WvlGGLoxrNkJVibLYF9CL2sct7/GnHs7AUsMiLQXRHDg1BoSPWta9rgnhw05SW3fUYjFVMRkypT/m1BIPeB750046eSiRNWOLLtCdp+BqLQpCl6qo6Nw9UgMx1HRRw15c9YLbO0VXB4N0FmRCioR3vSEABzrYIb5x14HXRdM3q2a1ehlVczA3y3AJUghlBOl7HmRfhcXlf3r2cjYWhQqlFeyKxQLYulGpdQTlIUWNu7zGg1I6xWb7aYxjMcbKhv3eBOt16G/8cfC3FiLZu7fLpa/0zqx2EJxPoksS1RUQcLliFQHodRecVd+s043TjJpPYkb4ur8g36ynNsmI9h/wur8g36ynNulGXmpfsREgIiICIiAiIgIiICQu+PwDFfIVfsNJqQm+fwDF/wB3q/q2gYLQwzFQwBsWNuWtzznzUQpcNYW1IPhLBuye4pPAFvtsZ+754VHRHoqQ7nvhfiqpsXP5NzlH6XKW9F6duJ8jj6ui9r6/lDYDIELAsGaxsSQLm4bTpYJrx0936rjOrM1uGt+XPnrb9s+WoAMwHJj16npPi3Ii48R/rIz4pljpbjlq7ce1MarVXK2YGwBtxsoW9+YuJ9bFo1GzvTRnyAEoNc1nUkZR6w4XXnpPRsCjcVPszf8A5LDuzQQlkJZBkIFmdb95TqRbj4nWczjsTMu71oYb0dS3o8gdS9tDl1XuEjpcAX17pnZPPA7Begzqr3pE3VCNUJtoDzHH6PG/cMKZZjj0zTRcuq7rnRbyt754xs1Omi5wl2YDUgsCFFhrwzH2iW9qQRSzGyqCWJ5BRcn3THdpbQarVqVD8dr2PIDRR7BYeyc53UV53tp07Kq/z3DLctpwtxIHhJbH0jVNhcol2YDi2UXNr6XA4DqQJXPwgnU8baEk/t4SUG1gtPKmjHjqbaWIN7DnxHMi/C0rn2z5T1HpkdmOU2C90Hll5W6gg3/Sn7lqAEAhhr1HG37VU8ORHMyPoVio0dbaaEEcvC/iPZ5SRo4lzwVXv+Qyn6Cc30R/Rrt3cj1HX1kP1yw7D3qTDqgCarmNyqkM7EXYg6kgABSToBw1MjnxSD1wyHoykfXIt6TVizgZKS+sx4eXifASNJavj95lqUvTK17qMg/tElVBHgTr4CWbdJhSoooN7d4nmSeN5hOzsS7BUVWKIxYAXJudPvPtl42PvA6kAq2uluH12nEmncm42eljASenKRe8GDSqhJAzJc87kMpUjTloD5oNNJA4bb4X1xbxNh9ZnLvDWaoEdHBVxY0w9iyBaj62toWCWHMA8ib9Y2Xwi42M93XwxxG1kuoISqXPLKtDVfpVV9s8N+Nm/g+JqIgXIWuthwVhmA9l7SR7NEUYmrUzC6I69M2dxYjqAFP+IT27SMOxqK7C2cDJrqyKFudORvpf7pdL3cV29h5/G6v93b9bTm4TEOxD4XV+Qb9ZTm3zi+UkREgIiICIiAiIgIiICQe+h/EMX/d6v2Gk5ILfb/2/F/3er9hoGS7AKtQRWuAHYZh+exa+hJ9ZZy18G1au7KxNKmSi2HrqpN2Bv3btc3sdLdJyYTHGnhWNrmzheXfZiqkdbHvHwUznwm1iiKgsLAcX43/N6fRbWaLlJjMbv7ZOHg6ubLkvrtPy9seyo7K1RQ4NyhJBGbvDnY6Gco2mg/2n7frBnzU2qjG9Rr6m9lBPhqePTXpPJtpUBwpX/O+4Srv6btJPDYguAyqjj80A8+mnIy27sYOm2IUOgsVa41HLwMz1tvWFlsg6Ktp0UKtd+8Mw8WYqPHlf6JM3v6NRsO0cDh0WyYkUTyuyst/EPc+4iVMbSZR38VRPW1if+RCDKmmGHxmueij9p+6e9KsqerTRj1dc/wBDd36JdM9ee5r6S+OxhxNsPTxF/SGzXphFycSM2W+ugtpcEyH3g3IemudVOUfGFiPaRoPbND3D2d6ZWr1Up2KhUVaaquUEn1VAF+d/EdJ576bQqYCono1X0NVToRcZ0tdbnhdSLdTfpMXNllctwmmGYjBsp1HunMUmrtvHhq5K4jAI2l8ygKbc9dDp0vOfD7mYbG52wjshWxNOopBCkkXDD1hcEcLjS/ETiZ33EXFl+Xxn4CRzmhYzsvxKi6ZH8AxB/wCcKPplcxu6eLp+vQcDrlJHvFxO5nKiyoyntKoq5QxsPE6cfZz6ch0ntXxrsFSoWIU3CHgC1tRa3L9vWcn4M18uU36ePIWGtzwnVsrCMaoUqbg6qbr7+ntnW9okT2ysKUR8youdQFJJJB9Ij6hbnQKRqBxkxhqb2tnfLyyoqDrrbj9BsJLUXpolg1Cmy8e+rMfbkeQ+O2m7ixdsg4BVSx9xF/MznUqyXTnxNVV4MWI6C1uvfJLe4y4440E2XTxJcLXRF7pZgWNz3GU6nMhIzAag5hprKZTqj2+OUe7WWLeugF2bhqy5FY03Q6gO4clQRcH4t81tSGIvoJOMc5VVd0wb3Qd5i65VuT/6bHQKL6Gx06dJJ78VUZKJIYOtKmrAqRqEUX6EHlbkRwnLuSiGz1HCoH4qRnHcF8t+fq/TJrtNpoaVBlc2VEyAhcxGWwGnh7NOJlkvdzfD77DzfF1b8fQN+sSbhMO7DfhdX5Bv1lObjOaEREBERAREQEREBERASK3lwTV8JiKKWz1KVRFubDMykC55C5krEDEG7OMeVVStMqpuB6XgTe5GniffPI9mGN/o6Xzns6Tc4jZO3hhX8luN/o6Xzh+6B2W43+jpfOn7pusSd02w2n2Y45TmVKQPX0n3ie7dnu0jx9Gf+Kfum1xGxiJ7O9pdKfzv+kfyd7R6U/nP9Jt0SNm2O4Dc/a1EBaT5AOS1rD3T3x26216yZKzh1vfK1RSL2Ivw6EzXIkag/nLeDZ9TDVloYjR2QOApuMrFl4j806TwO2RQcvhqlanlzC5IzZTbQ5RY8BfSXHtlH43hPGnUv495bTNNpCytbrGoNVwuy9tVKa1FxBKuqsL1R6rAEfF6GfNbdjbTWvXGnD+dt9SzV0UAADQAWt5T0jUGKYvcPalTWo1Nz1aoD7b5dD4zlp9mm0l9X0a+VW31LN1iNQYUezfanWl7av8A4z5PZntP/dfOf+E3eJIwn+TXan+6+d/8J9VuzvargB2psFQIoNW9kBJCi6aC5Jm6RAwaj2abUUWQUlF72FW2v+Ge+J3A2u5Qu6P6NcqXreqtrWHc4W0m5RAzLsz3LxWCr1KmICBWpZFCvmJJZW6C3q/TNNiICIiAiIgIiICIiAiIgIiICIiAiJEby7X/AAXDvXy58lu7e17sBxseAJPDlAl4mL4ntTxb+pTo0x5M5HtJA+ic9DejaFc6Vqr+FNAPsLeBuE+GcDiQPMzJ8Ps7H1PWTEtf8tnH2zOpdz8S2ppKp6s6fsJgaJU2rQX1q9NfN0H1mcz7yYNeOLw4861P/NM+xHZ5i24NQHm7/sQzkPZViW41qA8s5/7RA5O1fatCtiMM1CrTq5EcEo6sASwsCVJtKC73exGmYXOtuOs0n+SLEf8A2aX+B/vn0vZHXH/yaf8Agf74GkLvNgjwxeHP/FT757ptvDHhiaJ8qiffM6odmOIX/b0j+i4ndS3FxC/HpH9Jx/2QL/Tx9JvVqofJlP1GdEzjEboYm3qo3k/+YCQ9bdjHJqlB18UdP+17wNgiYbXxG1aHxsYoHNhUdf8AmDLPnC9pGPQ2L06luIdBf/p5YG6RKXuLvi+OZ0ekqMiBrqxIN2ZSLEacAeJ4y6QEREBERAREQEREBERAREQEREBERAREQE4dq7Mp4imaVZSyNxAZl+lSDO6IEJgN1cFRt6PDUgRwZlDN/ie7fTJlVA0A0n1EBERAREQEREBERAREQE4sbsyjWFq1GnUH9tFb6xO2IEPsvdzDYd2qUKQpsy5TZmtlvewUkqNegkxEQEREBERAREQEREBERAREQEREBERAREQEREBERAREQEREBERAREQEREBERAREQEREBERAREQEREBERA//2Q==', 'Full HD resolution, IPS panel', 250, 35, 1, 3, '2024-01-03 13:05:00', NULL, NULL),
('External SSD 1TB San Disk', 'data:image/jpeg;base64,/9j/4AAQSkZJRgABAQAAAQABAAD/2wCEAAkGBxAQEhMTDxIVFhAXGBgVFRcVFRcVFhUVFxoZFhUWFRUYHCggGR0lGxcXITEhJSkrLi4wGB8zODMtNygtLiwBCgoKDQ0OFg8QFy0eHR0uKystNzctLS0yKzc3LTcuMDAvLSsrKzc3NystNy4rKzctLSsuKzctKy8rLSsuMjctK//AABEIAOEA4QMBIgACEQEDEQH/xAAcAAEAAgIDAQAAAAAAAAAAAAAAAwcCBgEEBQj/xABDEAABAgMDCAQLBgcAAwAAAAABAAIDESEiMUEEBxIyUWFx8AWBscEGEyM0NXJzkaGy8TNCUmKz0RQkgoOSouElQ5P/xAAZAQEBAQEBAQAAAAAAAAAAAAAAAQIDBAX/xAAkEQEAAgEDBAEFAAAAAAAAAAAAAQIDBBESFDFBYSEFEzNxkf/aAAwDAQACEQMRAD8AvFERAREQEREBERAREQEREBFhEitbrOA4kBdGP07kbNfKYI4xWDvQeii1+P4bdGMvyuH/AEku+UFefGzl9Ft/9zncIb+8BBuCLRjnW6L/ABRf/n/1en0T4e9GZU4MhZSwRDQNiThknY3TABPCaDZkREBERAREQEREBERAREQEREBERAREQEREBeV4Q+EEDIYenHdUzDGCr3kXho3Ym4L0osQMaXOMmgEkm4AVJ9yo7pjK35dHflMWcnTEFjpyZCbqgyu2naSdysRuS9DpnORlcUkQJQm4BoDndbiD8AFrWVdM5dF140Z3F8Qj3XLtRJC6gHVo61p4mLNOcIH3yvnWUxaloW21o0Tu5O+LPJ5USFFdrT6/+lQPyd2J4XfBeq4C/bIBwFXS0rJpQDbv9/WiNoaGlCBOlkUh0Exv2pxN3QhZIXuDW6RcTIBSx+imto4me67tWzeBbYbY0R7xOTQ0bi4mZ9zZda7XhLkDIj2NycgPeZVuEyGj4lePPltFtqvq6LT4rV5ZI3aI/ocP1HGew8966H8GWuLIgrcQV9AZPmvyNjR5SMXgVdNsicTo6NOC0HOV4NHJdF18rnSlpMwnvEpHi1dKWyRO1/Ljnpp7RNsO8THh2s23hzFyWJDyXLIhfksQhsN7zN0B5o1pcb4ZNK6tMLruXybFcHMINy+jM3HTDss6PyeJEM4oBhxCby6GdDSO9wAd/Uu0w8LZkRFlRERAREQEREBERAREQEREBERAREQa94f5QWZBHle8Nh9URwY74Eqq4jRc0CRFAbngBom6zSWHMrLzkn+UG+NCH+0+5VlFE8A7SrUUiSDbRpZlsXSjNnWiHGu4kEGdv7USFgYczhibKkEzLZ2iQWWmHSowYj6GR4xvnTSLZF8vGWIo0KME6HfvrhE/qlPCelObNT8m1aR13OxmDOQ0hKUTXsAToRt5HXeKHCVKSnDststpXb1rsuNb75AyNlwt2YY0qO2nkddzqGoGjScx5Oy0yfaqcevrIer4NCTotANW7i5es8TjwPWZ+o1dDwTgzdGpLU+JfVe67J/LQuLfnavm5vyy+7pJjp4j9raWi54cnDsh0sQ8DqIJPyhb2tNzs+j3+u3sK9cvkY+/9fPzWUV3ZkH/AMlEbsik+9rR3KmGCiubMl5rF9cdhXSXOFjIiLCiIiAiIgIiICIiAiIgIiICIiAiIg1TOV5o320LtVZRq7HaVdgiSDa/llsVm5y/Mx7WF8yrCKZ/mnWV3jJAVFbMl0p2Zl1YgnM36VmZH2kvGeTeNGy0Tv3++OJfOsgZTAOk0ksstGjVhxPIziGczfpWZyA8ZLxnkyJWQNqiffO6R0dIATZMs8mBo1B28jSMHT2bJgT0QLf2dNbaoXk/Ck50sj7St6zc3CUpSMsIevaYdGrjs5MThuvqJ/fstE4lmhw6uoB6XQeU+LdEAmC5sxPEsJJl/S5x6l3I3STwQ4VLSD7iD3fFa+YhaQ5pMwZgyMw6dKSu7l6EGMIl1HYt7S3aOxfP1WO3LnD7X03PSaTht38L96Ny6HlEJkWEZseNIHtB2EGhG5avnZ9Hv9dvetD8GvCCPkL5wrcFxm+ETQ/mYfuu7cd22+H/AEtByvot0SC6Y02TBo5pkbLhgV0pli8e3lzaS+G/pS7RRXJmUH8rF9cdhVOgUVyZlR/KRPXHYvRLwrDREWVEREBERAREQEREBERAREQEREBERBqucvzL+7C+YKq4rp757DLTkBq2rMlamcvzF3tIXzhVRGfOeM9hlp0+7asyXSjMoIj5zqDpWZ3eMl4zyYE7JG3kRvfWcwJWdKliZZ5OWM9q5fEmTWc7MwZB8vGeTYNKy4YnkRPiVnMCVmZuZMssOGlVxwPJqMXSukBKRlTyc9O3PGexQvlWgOlWVPK2WjSOzYsy7DZIgTqyenaedKrTs3e6GI6hvM6kA1iWW1ZasjneQxiOF88ZaVJi0LN3UodMtNmhEjIUlU2gQOZLOI+s9IXy0vugaQGjLS1sJ7fcoHHCuFnEVNSZ3ft1IR8Pb6N6TY+WmQ1+25ru5p+HBd/p7pCE2CYbS0vfISaQTKYJLiOsDitMe7GeyuBvuqsoT5yXm6avPlD6HX5Jxfbn59uzKiuPMuP5R/rjsVOYFXLmY8zf6/cu0vCsBERZUREQEREBERAREQEREBERAREQEREGrZy/MH+vC+dqqOM+c8Z7DIvp9y1ZkrbzmeYRPXhfqNVQRnznWc9hkX0NGWrJC3VmUT4kyTMGdmYNHSMSwwaVHjE8iJz63ilJk2WixZeNKr9h5PLnzJM54TBoZF9lg0qPGJ/akbncm4amv+fYtI4J40uBJ0gbVX1q3ZzKF5ob98pzNlv2Vbu9ZE8euczrUfTV2KF5ob6XkCrbLaQxo1Hf7gCITPCfXoy0sfzLruPGVNulOZvpcpIgwkL56P3TaB0iZa2PH3qBxxnsGlITNTZuu/dBC+fXSd8hfdTmijyZ1obKX39aydskKSs0s3152KKAbQ7dqivVFxVy5mfM3ev3BUyzVKufM15k71+4LMq35ERZUREQEREBERAREQEREBERAREQEREGq5zfR8X1oX6jVTkd99SZzuMi6hoy1QhXHnN9HxfWh/qNVLx331nOYoZF1DRlqhC3VmWDn1NZ4TF176ME9cY8yicd3Ubvu1fTW2Llz5k1B4XXu1R+PajMmc5r3gN0WynpEAEkAjSmNew6Q3SvktIhJ+NJkWna1l1mjRgeTE8ynhKk6eTsto2lRip35M8EgtINAS4BpN8mumAGgaQrvUWUZPEZrN0SKCcpMm0EChtTFQRgUEL9ksZ6MxM2hbnPrkoS7GewaWBqaATvUseG5pIc1wqCQZ6VSHAznqkEGWwqAkz3026N5u3/APEVC43XypTEX3majgm0OR1LIm6/CuJ9aijgaw7MBwUHrs1SrozNeZO9oflaqXh6pV0ZmvMT7Q/K1ZlpvqIiyCIiAiIgIiICIiAiIgIiICIiAiIg1bOb6OjcYf6jFSMZ99TWYoZF0gaMrQjbu913ZzfR0fjD/UYqMjP33zFKF1HUbWhG3d7t1Zli53IuFXav59qn6P6RdA09Fsy8SvIDm6Oi7xolJ14sn8IkRVdNzuHVcKuu/NtUR4X1l+LVtOpQjZyNI96N4QtcCPFlrCC0BrwAZsyhmiG6Iu8dOv4BxXELwghyaHMdosk2hBLWthsbacHAh5lOYoJi8CR18v330nt1rIE6EbeRg4/8BuuFHmtVNlel0xl0KK2HoB7XNDGOsgaWi1jNOhJqWkbNENuqvHdslsMsBU1BlesnHHfKZFdbVAldhzNRE4cDIYVNediDAnffKtLV6jyc2h2bFkXb53VwPCqwyc2hyetB7UPVKujM15ifaH5Wql4eqeCujMz5ifaH5WrMtN9REWQREQEREBERAREQEREBERAREQEREGr5zPRuUf2/1WKhYz998xsLqOo2okRtV95y/RuU8If6rF8/RX8azGwu1qCokd/1W6pI53DuFTd+baoyfjWVxdq2jdIjYuC7h3Cpu/Mo5/Guwu1am6XBVGWnjPdPA61Gid453YO2SnPA40GvS9C6eM9+GOqNqjPC/DF1BV1KHBBy52M90z62r3KMnupjeakzuXJdv68L7pTvUZPHDjjfuQYOPdwF91Fxk2sO3asTs4UFwXOSm0OZor3IeoeCujMz5gfan5WKloeoeCurMx5gfau+VizKt8REWQREQEREBERAREQEREBERAREQEREGsZy/RuU8GfqMXz1Fd8abCb6C6XH6r6Gzlejcq9Vv6jF86RDxrTYTfQXS4rVUkJ5wFT/ALKPS+NdhddXCXBCevsFT/soyfjXYXXVwlwWkZF0+aY3b1gT8eouoK4SK4J5wF9RvWBd8fe6gqNiDNzuvsv7VGTjwrib6XczRx6+y++69Rk91dt9EHBPdTZxqssm1goybuT1rLJdYIr3Wah4K6szHo8+1d8rFSjNQ8FdeZf0efbO+VizKt9REWQREQEREBERAREQEREBERAREQEREGtZyB/43KvVb87V84RD+2wm+mEtxX0jnEE+jcq9TscCvmuJztN9NwWqpLFx6+wV7VHpfHqJuruXLjzgK9qjLvj7zdXctI5J5wF9RvWJdx7zQVGxcE84C+vFYE/XbS9oQZO5GF9/FYT+uGNyE/Qcb1jPnDG5BxPnE8VnkusFHPnas8l1hzsUV7zDYPBXZmW9Hn2r/lYqRYbB4K7sy3o7+6/5WKSrfURFkEREBERAREQEREBERAREQEREBERB4nhtC0+j8rAv8TEP+LS7uXzA884m/wBwX1vGhh7XNcJtcCCNoNCvlXwj6LfkeUxoD72OLQfxNvaeBaQetaqkvNcecB/1Rk83E3e5ZF3POKiJ5xP7LSOSecBfVYE/XqFwqh52Y1WM/r+yiuSfp13rjncFwTz1rhBzP67eCzyXWCi5+ikyXWQe602SrvzLejv7r+xqo1psHgr1zMNl0Yw7YkU+52j3KSrekRFkEREBERAREQEREBERAREQEREBERAVf50vAU9IMEfJgP4pgkW0HjWCobM0DhgTQzIOBFgIg+QsqyN8N7mOBD2mTmOBa5p2Oabiuq9pF4P79a+rvCDwVyHLxLK4DXuAkH1bEaNjYjZOA3TktC6UzLQXTOS5VEh7GxWtitG4EaJ981rkmyiiVjP6/srM6TzQdJQ5ljYMYYaD9Fx6ogAHvWqdI+B2WwJ+OyaMyWJY4t/zALfim416aT+i7Tujn4V4KB+TPF7T2dqCMlS5LfNYCCThz1KVrcB9UHfMaTSvpPNx0ccm6NyWG4ScWeMcDeDFJikHhpS6lSubXwOf0jlDXRGn+DhEOiuIsvIqILTiTjsF8pif0cApKuURFAREQEREBERAREQEREBERAREQEREBERAREQEREHnZf0Fkkf7bJ4TztLG6X+Uprw8szddHRNWG6GfyPPY6YW2ogrbLs0OTvHk8piN9ZjH9miuOiszWQw3B2URYsaX3aQ2Hjo2v9lZSIIMiyOHBY2HBY1kNok1rQGtA3AKdEQEREBERAREQEREBERAREQEREBERAREQEREBERAREQEREBERAREQEREBERAREQEREBERB//2Q==', 'High-speed data transfer, USB-C', 180, 55, 1, 3, '2024-01-03 13:10:00', NULL, NULL);


  

/*!40101 SET SQL_MODE=@OLD_SQL_MODE */;
/*!40014 SET FOREIGN_KEY_CHECKS=@OLD_FOREIGN_KEY_CHECKS */;
/*!40014 SET UNIQUE_CHECKS=@OLD_UNIQUE_CHECKS */;
/*!40111 SET SQL_NOTES=@OLD_SQL_NOTES */;
